score,count
0,0
1,21000
2,21000
3,21000
4,21000
5,21000
6,21000
7,21000
8,21000
9,21000
10,21000
11,21000
12,21000
13,21000
14,21000
15,21000
16,21000
17,21000
18,21000
19,21000
20,21000
21,21000
22,21000
23,21000
24,21000
25,21000
26,21000
27,21000
28,21000
29,21000
30,21000
31,21000
32,21000
33,21000
34,21000
35,21000
36,21000
37,21000
38,21000
39,21000
40,21000
41,21000
42,21000
43,21000
44,21000
45,21000
46,21000
47,21000
48,21000
49,21000
50,21000
51,21000
52,21000
53,21000
54,21000
55,21000
56,21000
57,21000
58,21000
59,21000
60,21000
61,21000
62,21000
63,21000
64,21000
65,21000
66,21000
67,21000
68,21000
69,21000
70,21000
71,21000
72,21000
73,21000
74,21000
75,21000
76,21000
77,21000
78,21000
79,21000
80,21000
81,21000
82,21000
83,21000
84,21000
85,21000
86,21000
87,21000
88,21000
89,21000
90,21000
91,21000
92,21000
93,21000
94,21000
95,21000
96,21000
97,21000
98,21000
99,21000
100,21000
101,21000
102,21000
103,21000
104,21000
105,21000
106,21000
107,21000
108,21000
109,21000
110,21000
111,21000
112,21000
113,21000
114,21000
115,21000
116,21000
117,21000
118,21000
119,21000
120,21000
121,21000
122,21000
123,21000
124,21000
125,21000
126,21000
127,21000
128,21000
129,21000
130,21000
131,21000
132,21000
133,21000
134,21000
135,21000
136,21000
137,21000
138,21000
139,21000
140,21000
141,21000
142,21000
143,21000
144,21000
145,21000
146,21000
147,21000
148,21000
149,21000
150,21000
151,21000
152,21000
153,21000
154,21000
155,21000
156,21000
157,21000
158,21000
159,21000
160,21000
161,21000
162,21000
163,21000
164,21000
165,21000
166,21000
167,21000
168,21000
169,21000
170,21000
171,21000
172,21000
173,21000
174,21000
175,21000
176,21000
177,21000
178,21000
179,21000
180,21000
181,21000
182,21000
183,21000
184,21000
185,21000
186,21000
187,21000
188,21000
189,21000
190,21000
191,21000
192,21000
193,21000
194,21000
195,21000
196,21000
197,21000
198,21000
199,21000
200,21000
201,21000
202,21000
203,21000
204,21000
205,21000
206,21000
207,21000
208,21000
209,21000
210,21000
211,21000
212,21000
213,21000
214,21000
215,21000
216,21000
217,21000
218,21000
219,21000
220,21000
221,21000
222,21000
223,21000
224,21000
225,21000
226,21000
227,21000
228,21000
229,21000
230,21000
231,21000
232,21000
233,21000
234,21000
235,21000
236,21000
237,21000
238,21000
239,21000
240,21000
241,21000
242,21000
243,21000
244,21000
245,21000
246,21000
247,21000
248,21000
249,21000
250,21000
251,21000
252,21000
253,21000
254,21000
255,21000
256,21000
257,21000
258,21000
259,21000
260,21000
261,21000
262,21000
263,21000
264,21000
265,21000
266,21000
267,21000
268,21000
269,21000
270,21000
271,21000
272,21000
273,21000
274,21000
275,21000
276,21000
277,21000
278,21000
279,21000
280,21000
281,21000
282,21000
283,21000
284,21000
285,21000
286,21000
287,21000
288,21000
289,21000
290,21000
291,21000
292,21000
293,21000
294,21000
295,21000
296,21000
297,21000
298,21000
299,21000
300,21000
301,21000
302,21000
303,21000
304,21000
305,21000
306,21000
307,21000
308,21000
309,21000
310,21000
311,21000
312,21000
313,21000
314,21000
315,21000
316,21000
317,21000
318,21000
319,21000
320,21000
321,21000
322,21000
323,21000
324,21000
325,21000
326,21000
327,21000
328,21000
329,21000
330,21000
331,21000
332,21000
333,21000
334,21000
335,21000
336,21000
337,21000
338,21000
339,21000
340,21000
341,21000
342,21000
343,21000
344,21000
345,21000
346,21000
347,21000
348,21000
349,21000
350,21000
351,21000
352,21000
353,21000
354,21000
355,21000
356,21000
357,21000
358,21000
359,21000
360,21000
361,21000
362,21000
363,21000
364,21000
365,21000
366,21000
367,21000
368,21000
369,21000
370,21000
371,21000
372,21000
373,21000
374,21000
375,21000
376,21000
377,21000
378,21000
379,21000
380,21000
381,21000
382,21000
383,21000
384,21000
385,21000
386,21000
387,21000
388,21000
389,21000
390,21000
391,21000
392,21000
393,21000
394,21000
395,21000
396,21000
397,21000
398,21000
399,21000
400,21000
401,21000
402,21000
403,21000
404,21000
405,21000
406,21000
407,21000
408,21000
409,21000
410,21000
411,21000
412,21000
413,21000
414,21000
415,21000
416,21000
417,21000
418,21000
419,21000
420,21000
421,21000
422,21000
423,21000
424,21000
425,21000
426,21000
427,21000
428,21000
429,21000
430,21000
431,21000
432,21000
433,21000
434,21000
435,21000
436,21000
437,21000
438,21000
439,21000
440,21000
441,21000
442,21000
443,21000
444,21000
445,21000
446,21000
447,21000
448,21000
449,21000
450,21000
451,21000
452,21000
453,21000
454,21000
455,21000
456,21000
457,21000
458,21000
459,21000
460,21000
461,21000
462,21000
463,21000
464,21000
465,21000
466,21000
467,21000
468,21000
469,21000
470,21000
471,21000
472,21000
473,21000
474,21000
475,21000
476,21000
477,21000
478,21000
479,21000
480,21000
481,21000
482,21000
483,21000
484,21000
485,21000
486,21000
487,21000
488,21000
489,21000
490,21000
491,21000
492,21000
493,21000
494,21000
495,21000
496,21000
497,21000
498,21000
499,21000
500,21000
501,21000
502,21000
503,21000
504,21000
505,21000
506,21000
507,21000
508,21000
509,21000
510,21000
511,21000
512,21000
513,21000
514,21000
515,21000
516,21000
517,21000
518,21000
519,21000
520,21000
521,21000
522,21000
523,21000
524,21000
525,21000
526,21000
527,21000
528,21000
529,21000
530,21000
531,21000
532,21000
533,21000
534,21000
535,21000
536,21000
537,21000
538,21000
539,21000
540,21000
541,21000
542,21000
543,21000
544,21000
545,21000
546,21000
547,21000
548,21000
549,21000
550,21000
551,21000
552,21000
553,21000
554,21000
555,21000
556,21000
557,21000
558,21000
559,21000
560,21000
561,21000
562,21000
563,21000
564,21000
565,21000
566,21000
567,21000
568,21000
569,21000
570,21000
571,21000
572,21000
573,21000
574,21000
575,21000
576,21000
577,21000
578,21000
579,21000
580,21000
581,21000
582,21000
583,21000
584,21000
585,21000
586,21000
587,21000
588,21000
589,21000
590,21000
591,21000
592,21000
593,21000
594,21000
595,21000
596,21000
597,21000
598,21000
599,21000
600,21000
601,21000
602,21000
603,21000
604,21000
605,21000
606,21000
607,21000
608,21000
609,21000
610,21000
611,21000
612,21000
613,21000
614,21000
615,21000
616,21000
617,21000
618,21000
619,21000
620,21000
621,21000
622,21000
623,21000
624,21000
625,21000
626,21000
627,21000
628,21000
629,21000
630,21000
631,21000
632,21000
633,21000
634,21000
635,21000
636,21000
637,21000
638,21000
639,21000
640,21000
641,21000
642,21000
643,21000
644,21000
645,21000
646,21000
647,21000
648,21000
649,21000
650,21000
651,21000
652,21000
653,21000
654,21000
655,21000
656,21000
657,21000
658,21000
659,21000
660,21000
661,21000
662,21000
663,21000
664,21000
665,21000
666,21000
667,21000
668,21000
669,21000
670,21000
671,21000
672,21000
673,21000
674,21000
675,21000
676,21000
677,21000
678,21000
679,21000
680,21000
681,21000
682,21000
683,21000
684,21000
685,21000
686,21000
687,21000
688,21000
689,21000
690,21000
691,21000
692,21000
693,21000
694,21000
695,21000
696,21000
697,21000
698,21000
699,21000
700,21000
701,21000
702,21000
703,21000
704,21000
705,21000
706,21000
707,21000
708,21000
709,21000
710,21000
711,21000
712,21000
713,21000
714,21000
715,21000
716,21000
717,21000
718,21000
719,21000
720,21000
721,21000
722,21000
723,21000
724,21000
725,21000
726,21000
727,21000
728,21000
729,21000
730,21000
731,21000
732,21000
733,21000
734,21000
735,21000
736,21000
737,21000
738,21000
739,21000
740,21000
741,21000
742,21000
743,21000
744,21000
745,21000
746,21000
747,21000
748,21000
749,21000
750,21000
751,21000
752,21000
753,21000
754,21000
755,21000
756,21000
757,21000
758,21000
759,21000
760,21000
761,21000
762,21000
763,21000
764,21000
765,21000
766,21000
767,21000
768,21000
769,21000
770,21000
771,21000
772,21000
773,21000
774,21000
775,21000
776,21000
777,21000
778,21000
779,21000
780,21000
781,21000
782,21000
783,21000
784,21000
785,21000
786,21000
787,21000
788,21000
789,21000
790,21000
791,21000
792,21000
793,21000
794,21000
795,21000
796,21000
797,21000
798,21000
799,21000
800,21000
801,21000
802,21000
803,21000
804,21000
805,21000
806,21000
807,21000
808,21000
809,21000
810,21000
811,21000
812,21000
813,21000
814,21000
815,21000
816,21000
817,21000
818,21000
819,21000
820,21000
821,21000
822,21000
823,21000
824,21000
825,21000
826,21000
827,21000
828,21000
829,21000
830,21000
831,21000
832,21000
833,21000
834,21000
835,21000
836,21000
837,21000
838,21000
839,21000
840,21000
841,21000
842,21000
843,21000
844,21000
845,21000
846,21000
847,21000
848,21000
849,21000
850,21000
851,21000
852,21000
853,21000
854,21000
855,21000
856,21000
857,21000
858,21000
859,21000
860,21000
861,21000
862,21000
863,21000
864,21000
865,21000
866,21000
867,21000
868,21000
869,21000
870,21000
871,21000
872,21000
873,21000
874,21000
875,21000
876,21000
877,21000
878,21000
879,21000
880,21000
881,21000
882,21000
883,21000
884,21000
885,21000
886,21000
887,21000
888,21000
889,21000
890,21000
891,21000
892,21000
893,21000
894,21000
895,21000
896,21000
897,21000
898,21000
899,21000
900,21000
901,21000
902,21000
903,21000
904,21000
905,21000
906,21000
907,21000
908,21000
909,21000
910,21000
911,21000
912,21000
913,21000
914,21000
915,21000
916,21000
917,21000
918,21000
919,21000
920,21000
921,21000
922,21000
923,21000
924,21000
925,21000
926,21000
927,21000
928,21000
929,21000
930,21000
931,21000
932,21000
933,21000
934,21000
935,21000
936,21000
937,21000
938,21000
939,21000
940,21000
941,21000
942,21000
943,21000
944,21000
945,21000
946,21000
947,21000
948,21000
949,21000
950,21000
951,21000
952,21000
953,21000
954,21000
955,21000
956,21000
957,21000
958,21000
959,21000
960,21000
961,21000
962,21000
963,21000
964,21000
965,21000
966,21000
967,21000
968,21000
969,21000
970,21000
971,21000
972,21000
973,21000
974,21000
975,21000
976,21000
977,21000
978,21000
979,21000
980,21000
981,21000
982,21000
983,21000
984,21000
985,21000
986,21000
987,21000
988,21000
989,21000
990,21000
991,21000
992,21000
993,21000
994,21000
995,21000
996,21000
997,21000
998,21000
999,21000
1000,21000
1001,21000
1002,21000
1003,21000
1004,21000
1005,21000
1006,21000
1007,21000
1008,21000
1009,21000
1010,21000
1011,21000
1012,21000
1013,21000
1014,21000
1015,21000
1016,21000
1017,21000
1018,21000
1019,21000
1020,21000
1021,21000
1022,21000
1023,21000
1024,21000
1025,21000
1026,21000
1027,21000
1028,21000
1029,21000
1030,21000
1031,21000
1032,21000
1033,21000
1034,21000
1035,21000
1036,21000
1037,21000
1038,21000
1039,21000
1040,21000
1041,21000
1042,21000
1043,21000
1044,21000
1045,21000
1046,21000
1047,21000
1048,21000
1049,21000
1050,21000
1051,21000
1052,21000
1053,21000
1054,21000
1055,21000
1056,21000
1057,21000
1058,21000
1059,21000
1060,21000
1061,21000
1062,21000
1063,21000
1064,21000
1065,21000
1066,21000
1067,21000
1068,21000
1069,21000
1070,21000
1071,21000
1072,21000
1073,21000
1074,21000
1075,21000
1076,21000
1077,21000
1078,21000
1079,21000
1080,21000
1081,21000
1082,21000
1083,21000
1084,21000
1085,21000
1086,21000
1087,21000
1088,21000
1089,21000
1090,21000
1091,21000
1092,21000
1093,21000
1094,21000
1095,21000
1096,21000
1097,21000
1098,21000
1099,21000
1100,21000
1101,21000
1102,21000
1103,21000
1104,21000
1105,21000
1106,21000
1107,21000
1108,21000
1109,21000
1110,21000
1111,21000
1112,21000
1113,21000
1114,21000
1115,21000
1116,21000
1117,21000
1118,21000
1119,21000
1120,21000
1121,21000
1122,21000
1123,21000
1124,21000
1125,21000
1126,21000
1127,21000
1128,21000
1129,21000
1130,21000
1131,21000
1132,21000
1133,21000
1134,21000
1135,21000
1136,21000
1137,21000
1138,21000
1139,21000
1140,21000
1141,21000
1142,21000
1143,21000
1144,21000
1145,21000
1146,21000
1147,21000
1148,21000
1149,21000
1150,21000
1151,21000
1152,21000
1153,21000
1154,21000
1155,21000
1156,21000
1157,21000
1158,21000
1159,21000
1160,21000
1161,21000
1162,21000
1163,21000
1164,21000
1165,21000
1166,21000
1167,21000
1168,21000
1169,21000
1170,21000
1171,21000
1172,21000
1173,21000
1174,21000
1175,21000
1176,21000
1177,21000
1178,21000
1179,21000
1180,21000
1181,21000
1182,21000
1183,21000
1184,21000
1185,21000
1186,21000
1187,21000
1188,21000
1189,21000
1190,21000
1191,21000
1192,21000
1193,21000
1194,21000
1195,21000
1196,21000
1197,21000
1198,21000
1199,21000
1200,21000
1201,21000
1202,21000
1203,21000
1204,21000
1205,21000
1206,21000
1207,21000
1208,21000
1209,21000
1210,21000
1211,21000
1212,21000
1213,21000
1214,21000
1215,21000
1216,21000
1217,21000
1218,21000
1219,21000
1220,21000
1221,21000
1222,21000
1223,21000
1224,21000
1225,21000
1226,21000
1227,21000
1228,21000
1229,21000
1230,21000
1231,21000
1232,21000
1233,21000
1234,21000
1235,21000
1236,21000
1237,21000
1238,21000
1239,21000
1240,21000
1241,21000
1242,21000
1243,21000
1244,21000
1245,21000
1246,21000
1247,21000
1248,21000
1249,21000
1250,21000
1251,21000
1252,21000
1253,21000
1254,21000
1255,21000
1256,21000
1257,21000
1258,21000
1259,21000
1260,21000
1261,21000
1262,21000
1263,21000
1264,21000
1265,21000
1266,21000
1267,21000
1268,21000
1269,21000
1270,21000
1271,21000
1272,21000
1273,21000
1274,21000
1275,21000
1276,21000
1277,21000
1278,21000
1279,21000
1280,21000
1281,21000
1282,21000
1283,21000
1284,21000
1285,21000
1286,21000
1287,21000
1288,21000
1289,21000
1290,21000
1291,21000
1292,21000
1293,21000
1294,21000
1295,21000
1296,21000
1297,21000
1298,21000
1299,21000
1300,21000
1301,21000
1302,21000
1303,21000
1304,21000
1305,21000
1306,21000
1307,21000
1308,21000
1309,21000
1310,21000
1311,21000
1312,21000
1313,21000
1314,21000
1315,21000
1316,21000
1317,21000
1318,21000
1319,21000
1320,21000
1321,21000
1322,21000
1323,21000
1324,21000
1325,21000
1326,21000
1327,21000
1328,21000
1329,21000
1330,21000
1331,21000
1332,21000
1333,21000
1334,21000
1335,21000
1336,21000
1337,21000
1338,21000
1339,21000
1340,21000
1341,21000
1342,21000
1343,21000
1344,21000
1345,21000
1346,21000
1347,21000
1348,21000
1349,21000
1350,21000
1351,21000
1352,21000
1353,21000
1354,21000
1355,21000
1356,21000
1357,21000
1358,21000
1359,21000
1360,21000
1361,21000
1362,21000
1363,21000
1364,21000
1365,21000
1366,21000
1367,21000
1368,21000
1369,21000
1370,21000
1371,21000
1372,21000
1373,21000
1374,21000
1375,21000
1376,21000
1377,21000
1378,21000
1379,21000
1380,21000
1381,21000
1382,21000
1383,21000
1384,21000
1385,21000
1386,21000
1387,21000
1388,21000
1389,21000
1390,21000
1391,21000
1392,21000
1393,21000
1394,21000
1395,21000
1396,21000
1397,21000
1398,21000
1399,21000
1400,21000
1401,21000
1402,21000
1403,21000
1404,21000
1405,21000
1406,21000
1407,21000
1408,21000
1409,21000
1410,21000
1411,21000
1412,21000
1413,21000
1414,21000
1415,21000
1416,21000
1417,21000
1418,21000
1419,21000
1420,21000
1421,21000
1422,21000
1423,21000
1424,21000
1425,21000
1426,21000
1427,21000
1428,21000
1429,21000
1430,21000
1431,21000
1432,21000
1433,21000
1434,21000
1435,21000
1436,21000
1437,21000
1438,21000
1439,21000
1440,21000
1441,21000
1442,21000
1443,21000
1444,21000
1445,21000
1446,21000
1447,21000
1448,21000
1449,21000
1450,21000
1451,21000
1452,21000
1453,21000
1454,21000
1455,21000
1456,21000
1457,21000
1458,21000
1459,21000
1460,21000
1461,21000
1462,21000
1463,21000
1464,21000
1465,21000
1466,21000
1467,21000
1468,21000
1469,21000
1470,21000
1471,21000
1472,21000
1473,21000
1474,21000
1475,21000
1476,21000
1477,21000
1478,21000
1479,21000
1480,21000
1481,21000
1482,21000
1483,21000
1484,21000
1485,21000
1486,21000
1487,21000
1488,21000
1489,21000
1490,21000
1491,21000
1492,21000
1493,21000
1494,21000
1495,21000
1496,21000
1497,21000
1498,21000
1499,21000
1500,21000
1501,21000
1502,21000
1503,21000
1504,21000
1505,21000
1506,21000
1507,21000
1508,21000
1509,21000
1510,21000
1511,21000
1512,21000
1513,21000
1514,21000
1515,21000
1516,21000
1517,21000
1518,21000
1519,21000
1520,21000
1521,21000
1522,21000
1523,21000
1524,21000
1525,21000
1526,21000
1527,21000
1528,21000
1529,21000
1530,21000
1531,21000
1532,21000
1533,21000
1534,21000
1535,21000
1536,21000
1537,21000
1538,21000
1539,21000
1540,21000
1541,21000
1542,21000
1543,21000
1544,21000
1545,21000
1546,21000
1547,21000
1548,21000
1549,21000
1550,21000
1551,21000
1552,21000
1553,21000
1554,21000
1555,21000
1556,21000
1557,21000
1558,21000
1559,21000
1560,21000
1561,21000
1562,21000
1563,21000
1564,21000
1565,21000
1566,21000
1567,21000
1568,21000
1569,21000
1570,21000
1571,21000
1572,21000
1573,21000
1574,21000
1575,21000
1576,21000
1577,21000
1578,21000
1579,21000
1580,21000
1581,21000
1582,21000
1583,21000
1584,21000
1585,21000
1586,21000
1587,21000
1588,21000
1589,21000
1590,21000
1591,21000
1592,21000
1593,21000
1594,21000
1595,21000
1596,21000
1597,21000
1598,21000
1599,21000
1600,21000
1601,21000
1602,21000
1603,21000
1604,21000
1605,21000
1606,21000
1607,21000
1608,21000
1609,21000
1610,21000
1611,21000
1612,21000
1613,21000
1614,21000
1615,21000
1616,21000
1617,21000
1618,21000
1619,21000
1620,21000
1621,21000
1622,21000
1623,21000
1624,21000
1625,21000
1626,21000
1627,21000
1628,21000
1629,21000
1630,21000
1631,21000
1632,21000
1633,21000
1634,21000
1635,21000
1636,21000
1637,21000
1638,21000
1639,21000
1640,21000
1641,21000
1642,21000
1643,21000
1644,21000
1645,21000
1646,21000
1647,21000
1648,21000
1649,21000
1650,21000
1651,21000
1652,21000
1653,21000
1654,21000
1655,21000
1656,21000
1657,21000
1658,21000
1659,21000
1660,21000
1661,21000
1662,21000
1663,21000
1664,21000
1665,21000
1666,21000
1667,21000
1668,21000
1669,21000
1670,21000
1671,21000
1672,21000
1673,21000
1674,21000
1675,21000
1676,21000
1677,21000
1678,21000
1679,21000
1680,21000
1681,21000
1682,21000
1683,21000
1684,21000
1685,21000
1686,21000
1687,21000
1688,21000
1689,21000
1690,21000
1691,21000
1692,21000
1693,21000
1694,21000
1695,21000
1696,21000
1697,21000
1698,21000
1699,21000
1700,21000
1701,21000
1702,21000
1703,21000
1704,21000
1705,21000
1706,21000
1707,21000
1708,21000
1709,21000
1710,21000
1711,21000
1712,21000
1713,21000
1714,21000
1715,21000
1716,21000
1717,21000
1718,21000
1719,21000
1720,21000
1721,21000
1722,21000
1723,21000
1724,21000
1725,21000
1726,21000
1727,21000
1728,21000
1729,21000
1730,21000
1731,21000
1732,21000
1733,21000
1734,21000
1735,21000
1736,21000
1737,21000
1738,21000
1739,21000
1740,21000
1741,21000
1742,21000
1743,21000
1744,21000
1745,21000
1746,21000
1747,21000
1748,21000
1749,21000
1750,21000
1751,21000
1752,21000
1753,21000
1754,21000
1755,21000
1756,21000
1757,21000
1758,21000
1759,21000
1760,21000
1761,21000
1762,21000
1763,21000
1764,21000
1765,21000
1766,21000
1767,21000
1768,21000
1769,21000
1770,21000
1771,21000
1772,21000
1773,21000
1774,21000
1775,21000
1776,21000
1777,21000
1778,21000
1779,21000
1780,21000
1781,21000
1782,21000
1783,21000
1784,21000
1785,21000
1786,21000
1787,21000
1788,21000
1789,21000
1790,21000
1791,21000
1792,21000
1793,21000
1794,21000
1795,21000
1796,21000
1797,21000
1798,21000
1799,21000
1800,21000
1801,21000
1802,21000
1803,21000
1804,21000
1805,21000
1806,21000
1807,21000
1808,21000
1809,21000
1810,21000
1811,21000
1812,21000
1813,21000
1814,21000
1815,21000
1816,21000
1817,21000
1818,21000
1819,21000
1820,21000
1821,21000
1822,21000
1823,21000
1824,21000
1825,21000
1826,21000
1827,21000
1828,21000
1829,21000
1830,21000
1831,21000
1832,21000
1833,21000
1834,21000
1835,21000
1836,21000
1837,21000
1838,21000
1839,21000
1840,21000
1841,21000
1842,21000
1843,21000
1844,21000
1845,21000
1846,21000
1847,21000
1848,21000
1849,21000
1850,21000
1851,21000
1852,21000
1853,21000
1854,21000
1855,21000
1856,21000
1857,21000
1858,21000
1859,21000
1860,21000
1861,21000
1862,21000
1863,21000
1864,21000
1865,21000
1866,21000
1867,21000
1868,21000
1869,21000
1870,21000
1871,21000
1872,21000
1873,21000
1874,21000
1875,21000
1876,21000
1877,21000
1878,21000
1879,21000
1880,21000
1881,21000
1882,21000
1883,21000
1884,21000
1885,21000
1886,21000
1887,21000
1888,21000
1889,21000
1890,21000
1891,21000
1892,21000
1893,21000
1894,21000
1895,21000
1896,21000
1897,21000
1898,21000
1899,21000
1900,21000
1901,21000
1902,21000
1903,21000
1904,21000
1905,21000
1906,21000
1907,21000
1908,21000
1909,21000
1910,21000
1911,21000
1912,21000
1913,21000
1914,21000
1915,21000
1916,21000
1917,21000
1918,21000
1919,21000
1920,21000
1921,21000
1922,21000
1923,21000
1924,21000
1925,21000
1926,21000
1927,21000
1928,21000
1929,21000
1930,21000
1931,21000
1932,21000
1933,21000
1934,21000
1935,21000
1936,21000
1937,21000
1938,21000
1939,21000
1940,21000
1941,21000
1942,21000
1943,21000
1944,21000
1945,21000
1946,21000
1947,21000
1948,21000
1949,21000
1950,21000
1951,21000
1952,21000
1953,21000
1954,21000
1955,21000
1956,21000
1957,21000
1958,21000
1959,21000
1960,21000
1961,21000
1962,21000
1963,21000
1964,21000
1965,21000
1966,21000
1967,21000
1968,21000
1969,21000
1970,21000
1971,21000
1972,21000
1973,21000
1974,21000
1975,21000
1976,21000
1977,21000
1978,21000
1979,21000
1980,21000
1981,21000
1982,21000
1983,21000
1984,21000
1985,21000
1986,21000
1987,21000
1988,21000
1989,21000
1990,21000
1991,21000
1992,21000
1993,21000
1994,21000
1995,21000
1996,21000
1997,21000
1998,21000
1999,21000
2000,21000
2001,21000
2002,21000
2003,21000
2004,21000
2005,21000
2006,21000
2007,21000
2008,21000
2009,21000
2010,21000
2011,21000
2012,21000
2013,21000
2014,21000
2015,21000
2016,21000
2017,21000
2018,21000
2019,21000
2020,21000
2021,21000
2022,21000
2023,21000
2024,21000
2025,21000
2026,21000
2027,21000
2028,21000
2029,21000
2030,21000
2031,21000
2032,21000
2033,21000
2034,21000
2035,21000
2036,21000
2037,21000
2038,21000
2039,21000
2040,21000
2041,21000
2042,21000
2043,21000
2044,21000
2045,21000
2046,21000
2047,21000
2048,21000
2049,21000
2050,21000
2051,21000
2052,21000
2053,21000
2054,21000
2055,21000
2056,21000
2057,21000
2058,21000
2059,21000
2060,21000
2061,21000
2062,21000
2063,21000
2064,21000
2065,21000
2066,21000
2067,21000
2068,21000
2069,21000
2070,21000
2071,21000
2072,21000
2073,21000
2074,21000
2075,21000
2076,21000
2077,21000
2078,21000
2079,21000
2080,21000
2081,21000
2082,21000
2083,21000
2084,21000
2085,21000
2086,21000
2087,21000
2088,21000
2089,21000
2090,21000
2091,21000
2092,21000
2093,21000
2094,21000
2095,21000
2096,21000
2097,21000
2098,21000
2099,21000
2100,21000
2101,21000
2102,21000
2103,21000
2104,21000
2105,21000
2106,21000
2107,21000
2108,21000
2109,21000
2110,21000
2111,21000
2112,21000
2113,21000
2114,21000
2115,21000
2116,21000
2117,21000
2118,21000
2119,21000
2120,21000
2121,21000
2122,21000
2123,21000
2124,21000
2125,21000
2126,21000
2127,21000
2128,21000
2129,21000
2130,21000
2131,21000
2132,21000
2133,21000
2134,21000
2135,21000
2136,21000
2137,21000
2138,21000
2139,21000
2140,21000
2141,21000
2142,21000
2143,21000
2144,21000
2145,21000
2146,21000
2147,21000
2148,21000
2149,21000
2150,21000
2151,21000
2152,21000
2153,21000
2154,21000
2155,21000
2156,21000
2157,21000
2158,21000
2159,21000
2160,21000
2161,21000
2162,21000
2163,21000
2164,21000
2165,21000
2166,21000
2167,21000
2168,21000
2169,21000
2170,21000
2171,21000
2172,21000
2173,21000
2174,21000
2175,21000
2176,21000
2177,21000
2178,21000
2179,21000
2180,21000
2181,21000
2182,21000
2183,21000
2184,21000
2185,21000
2186,21000
2187,21000
2188,21000
2189,21000
2190,21000
2191,21000
2192,21000
2193,21000
2194,21000
2195,21000
2196,21000
2197,21000
2198,21000
2199,21000
2200,21000
2201,21000
2202,21000
2203,21000
2204,21000
2205,21000
2206,21000
2207,21000
2208,21000
2209,21000
2210,21000
2211,21000
2212,21000
2213,21000
2214,21000
2215,21000
2216,21000
2217,21000
2218,21000
2219,21000
2220,21000
2221,21000
2222,21000
2223,21000
2224,21000
2225,21000
2226,21000
2227,21000
2228,21000
2229,21000
2230,21000
2231,21000
2232,21000
2233,21000
2234,21000
2235,21000
2236,21000
2237,21000
2238,21000
2239,21000
2240,21000
2241,21000
2242,21000
2243,21000
2244,21000
2245,21000
2246,21000
2247,21000
2248,21000
2249,21000
2250,21000
2251,21000
2252,21000
2253,21000
2254,21000
2255,21000
2256,21000
2257,21000
2258,21000
2259,21000
2260,21000
2261,21000
2262,21000
2263,21000
2264,21000
2265,21000
2266,21000
2267,21000
2268,21000
2269,21000
2270,21000
2271,21000
2272,21000
2273,21000
2274,21000
2275,21000
2276,21000
2277,21000
2278,21000
2279,21000
2280,21000
2281,21000
2282,21000
2283,21000
2284,21000
2285,21000
2286,21000
2287,21000
2288,21000
2289,21000
2290,21000
2291,21000
2292,21000
2293,21000
2294,21000
2295,21000
2296,21000
2297,21000
2298,21000
2299,21000
2300,21000
2301,21000
2302,21000
2303,21000
2304,21000
2305,21000
2306,21000
2307,21000
2308,21000
2309,21000
2310,21000
2311,21000
2312,21000
2313,21000
2314,21000
2315,21000
2316,21000
2317,21000
2318,21000
2319,21000
2320,21000
2321,21000
2322,21000
2323,21000
2324,21000
2325,21000
2326,21000
2327,21000
2328,21000
2329,21000
2330,21000
2331,21000
2332,21000
2333,21000
2334,21000
2335,21000
2336,21000
2337,21000
2338,21000
2339,21000
2340,21000
2341,21000
2342,21000
2343,21000
2344,21000
2345,21000
2346,21000
2347,21000
2348,21000
2349,21000
2350,21000
2351,21000
2352,21000
2353,21000
2354,21000
2355,21000
2356,21000
2357,21000
2358,21000
2359,21000
2360,21000
2361,21000
2362,21000
2363,21000
2364,21000
2365,21000
2366,21000
2367,21000
2368,21000
2369,21000
2370,21000
2371,21000
2372,21000
2373,21000
2374,21000
2375,21000
2376,21000
2377,21000
2378,21000
2379,21000
2380,21000
2381,21000
2382,21000
2383,21000
2384,21000
2385,21000
2386,21000
2387,21000
2388,21000
2389,21000
2390,21000
2391,21000
2392,21000
2393,21000
2394,21000
2395,21000
2396,21000
2397,21000
2398,21000
2399,21000
2400,21000
2401,21000
2402,21000
2403,21000
2404,21000
2405,21000
2406,21000
2407,21000
2408,21000
2409,21000
2410,21000
2411,21000
2412,21000
2413,21000
2414,21000
2415,21000
2416,21000
2417,21000
2418,21000
2419,21000
2420,21000
2421,21000
2422,21000
2423,21000
2424,21000
2425,21000
2426,21000
2427,21000
2428,21000
2429,21000
2430,21000
2431,21000
2432,21000
2433,21000
2434,21000
2435,21000
2436,21000
2437,21000
2438,21000
2439,21000
2440,21000
2441,21000
2442,21000
2443,21000
2444,21000
2445,21000
2446,21000
2447,21000
2448,21000
2449,21000
2450,21000
2451,21000
2452,21000
2453,21000
2454,21000
2455,21000
2456,21000
2457,21000
2458,21000
2459,21000
2460,21000
2461,21000
2462,21000
2463,21000
2464,21000
2465,21000
2466,21000
2467,21000
2468,21000
2469,21000
2470,21000
2471,21000
2472,21000
2473,21000
2474,21000
2475,21000
2476,21000
2477,21000
2478,21000
2479,21000
2480,21000
2481,21000
2482,21000
2483,21000
2484,21000
2485,21000
2486,21000
2487,21000
2488,21000
2489,21000
2490,21000
2491,21000
2492,21000
2493,21000
2494,21000
2495,21000
2496,21000
2497,21000
2498,21000
2499,21000
2500,21000
2501,21000
2502,21000
2503,21000
2504,21000
2505,21000
2506,21000
2507,21000
2508,21000
2509,21000
2510,21000
2511,21000
2512,21000
2513,21000
2514,21000
2515,21000
2516,21000
2517,21000
2518,21000
2519,21000
2520,21000
2521,21000
2522,21000
2523,21000
2524,21000
2525,21000
2526,21000
2527,21000
2528,21000
2529,21000
2530,21000
2531,21000
2532,21000
2533,21000
2534,21000
2535,21000
2536,21000
2537,21000
2538,21000
2539,21000
2540,21000
2541,21000
2542,21000
2543,21000
2544,21000
2545,21000
2546,21000
2547,21000
2548,21000
2549,21000
2550,21000
2551,21000
2552,21000
2553,21000
2554,21000
2555,21000
2556,21000
2557,21000
2558,21000
2559,21000
2560,21000
2561,21000
2562,21000
2563,21000
2564,21000
2565,21000
2566,21000
2567,21000
2568,21000
2569,21000
2570,21000
2571,21000
2572,21000
2573,21000
2574,21000
2575,21000
2576,21000
2577,21000
2578,21000
2579,21000
2580,21000
2581,21000
2582,21000
2583,21000
2584,21000
2585,21000
2586,21000
2587,21000
2588,21000
2589,21000
2590,21000
2591,21000
2592,21000
2593,21000
2594,21000
2595,21000
2596,21000
2597,21000
2598,21000
2599,21000
2600,21000
2601,21000
2602,21000
2603,21000
2604,21000
2605,21000
2606,21000
2607,21000
2608,21000
2609,21000
2610,21000
2611,21000
2612,21000
2613,21000
2614,21000
2615,21000
2616,21000
2617,21000
2618,21000
2619,21000
2620,21000
2621,21000
2622,21000
2623,21000
2624,21000
2625,21000
2626,21000
2627,21000
2628,21000
2629,21000
2630,21000
2631,21000
2632,21000
2633,21000
2634,21000
2635,21000
2636,21000
2637,21000
2638,21000
2639,21000
2640,21000
2641,21000
2642,21000
2643,21000
2644,21000
2645,21000
2646,21000
2647,21000
2648,21000
2649,21000
2650,21000
2651,21000
2652,21000
2653,21000
2654,21000
2655,21000
2656,21000
2657,21000
2658,21000
2659,21000
2660,21000
2661,21000
2662,21000
2663,21000
2664,21000
2665,21000
2666,21000
2667,21000
2668,21000
2669,21000
2670,21000
2671,21000
2672,21000
2673,21000
2674,21000
2675,21000
2676,21000
2677,21000
2678,21000
2679,21000
2680,21000
2681,21000
2682,21000
2683,21000
2684,21000
2685,21000
2686,21000
2687,21000
2688,21000
2689,21000
2690,21000
2691,21000
2692,21000
2693,21000
2694,21000
2695,21000
2696,21000
2697,21000
2698,21000
2699,21000
2700,21000
2701,21000
2702,21000
2703,21000
2704,21000
2705,21000
2706,21000
2707,21000
2708,21000
2709,21000
2710,21000
2711,21000
2712,21000
2713,21000
2714,21000
2715,21000
2716,21000
2717,21000
2718,21000
2719,21000
2720,21000
2721,21000
2722,21000
2723,21000
2724,21000
2725,21000
2726,21000
2727,21000
2728,21000
2729,21000
2730,21000
2731,21000
2732,21000
2733,21000
2734,21000
2735,21000
2736,21000
2737,21000
2738,21000
2739,21000
2740,21000
2741,21000
2742,21000
2743,21000
2744,21000
2745,21000
2746,21000
2747,21000
2748,21000
2749,21000
2750,21000
2751,21000
2752,21000
2753,21000
2754,21000
2755,21000
2756,21000
2757,21000
2758,21000
2759,21000
2760,21000
2761,21000
2762,21000
2763,21000
2764,21000
2765,21000
2766,21000
2767,21000
2768,21000
2769,21000
2770,21000
2771,21000
2772,21000
2773,21000
2774,21000
2775,21000
2776,21000
2777,21000
2778,21000
2779,21000
2780,21000
2781,21000
2782,21000
2783,21000
2784,21000
2785,21000
2786,21000
2787,21000
2788,21000
2789,21000
2790,21000
2791,21000
2792,21000
2793,21000
2794,21000
2795,21000
2796,21000
2797,21000
2798,21000
2799,21000
2800,21000
2801,21000
2802,21000
2803,21000
2804,21000
2805,21000
2806,21000
2807,21000
2808,21000
2809,21000
2810,21000
2811,21000
2812,21000
2813,21000
2814,21000
2815,21000
2816,21000
2817,21000
2818,21000
2819,21000
2820,21000
2821,21000
2822,21000
2823,21000
2824,21000
2825,21000
2826,21000
2827,21000
2828,21000
2829,21000
2830,21000
2831,21000
2832,21000
2833,21000
2834,21000
2835,21000
2836,21000
2837,21000
2838,21000
2839,21000
2840,21000
2841,21000
2842,21000
2843,21000
2844,21000
2845,21000
2846,21000
2847,21000
2848,21000
2849,21000
2850,21000
2851,21000
2852,21000
2853,21000
2854,21000
2855,21000
2856,21000
2857,21000
2858,21000
2859,21000
2860,21000
2861,21000
2862,21000
2863,21000
2864,21000
2865,21000
2866,21000
2867,21000
2868,21000
2869,21000
2870,21000
2871,21000
2872,21000
2873,21000
2874,21000
2875,21000
2876,21000
2877,21000
2878,21000
2879,21000
2880,21000
2881,21000
2882,21000
2883,21000
2884,21000
2885,21000
2886,21000
2887,21000
2888,21000
2889,21000
2890,21000
2891,21000
2892,21000
2893,21000
2894,21000
2895,21000
2896,21000
2897,21000
2898,21000
2899,21000
2900,21000
2901,21000
2902,21000
2903,21000
2904,21000
2905,21000
2906,21000
2907,21000
2908,21000
2909,21000
2910,21000
2911,21000
2912,21000
2913,21000
2914,21000
2915,21000
2916,21000
2917,21000
2918,21000
2919,21000
2920,21000
2921,21000
2922,21000
2923,21000
2924,21000
2925,21000
2926,21000
2927,21000
2928,21000
2929,21000
2930,21000
2931,21000
2932,21000
2933,21000
2934,21000
2935,21000
2936,21000
2937,21000
2938,21000
2939,21000
2940,21000
2941,21000
2942,21000
2943,21000
2944,21000
2945,21000
2946,21000
2947,21000
2948,21000
2949,21000
2950,21000
2951,21000
2952,21000
2953,21000
2954,21000
2955,21000
2956,21000
2957,21000
2958,21000
2959,21000
2960,21000
2961,21000
2962,21000
2963,21000
2964,21000
2965,21000
2966,21000
2967,21000
2968,21000
2969,21000
2970,21000
2971,21000
2972,21000
2973,21000
2974,21000
2975,21000
2976,21000
2977,21000
2978,21000
2979,21000
2980,21000
2981,21000
2982,21000
2983,21000
2984,21000
2985,21000
2986,21000
2987,21000
2988,21000
2989,21000
2990,21000
2991,21000
2992,21000
2993,21000
2994,21000
2995,21000
2996,21000
2997,21000
2998,21000
2999,21000
3000,21000
3001,21000
3002,21000
3003,21000
3004,21000
3005,21000
3006,21000
3007,21000
3008,21000
3009,21000
3010,21000
3011,21000
3012,21000
3013,21000
3014,21000
3015,21000
3016,21000
3017,21000
3018,21000
3019,21000
3020,21000
3021,21000
3022,21000
3023,21000
3024,21000
3025,21000
3026,21000
3027,21000
3028,21000
3029,21000
3030,21000
3031,21000
3032,21000
3033,21000
3034,21000
3035,21000
3036,21000
3037,21000
3038,21000
3039,21000
3040,21000
3041,21000
3042,21000
3043,21000
3044,21000
3045,21000
3046,21000
3047,21000
3048,21000
3049,21000
3050,21000
3051,21000
3052,21000
3053,21000
3054,21000
3055,21000
3056,21000
3057,21000
3058,21000
3059,21000
3060,21000
3061,21000
3062,21000
3063,21000
3064,21000
3065,21000
3066,21000
3067,21000
3068,21000
3069,21000
3070,21000
3071,21000
3072,21000
3073,21000
3074,21000
3075,21000
3076,21000
3077,21000
3078,21000
3079,21000
3080,21000
3081,21000
3082,21000
3083,21000
3084,21000
3085,21000
3086,21000
3087,21000
3088,21000
3089,21000
3090,21000
3091,21000
3092,21000
3093,21000
3094,21000
3095,21000
3096,21000
3097,21000
3098,21000
3099,21000
3100,21000
3101,21000
3102,21000
3103,21000
3104,21000
3105,21000
3106,21000
3107,21000
3108,21000
3109,21000
3110,21000
3111,21000
3112,21000
3113,21000
3114,21000
3115,21000
3116,21000
3117,21000
3118,21000
3119,21000
3120,21000
3121,21000
3122,21000
3123,21000
3124,21000
3125,21000
3126,21000
3127,21000
3128,21000
3129,21000
3130,21000
3131,21000
3132,21000
3133,21000
3134,21000
3135,21000
3136,21000
3137,21000
3138,21000
3139,21000
3140,21000
3141,21000
3142,21000
3143,21000
3144,21000
3145,21000
3146,21000
3147,21000
3148,21000
3149,21000
3150,21000
3151,21000
3152,21000
3153,21000
3154,21000
3155,21000
3156,21000
3157,21000
3158,21000
3159,21000
3160,21000
3161,21000
3162,21000
3163,21000
3164,21000
3165,21000
3166,21000
3167,21000
3168,21000
3169,21000
3170,21000
3171,21000
3172,21000
3173,21000
3174,21000
3175,21000
3176,21000
3177,21000
3178,21000
3179,21000
3180,21000
3181,21000
3182,21000
3183,21000
3184,21000
3185,21000
3186,21000
3187,21000
3188,21000
3189,21000
3190,21000
3191,21000
3192,21000
3193,21000
3194,21000
3195,21000
3196,21000
3197,21000
3198,21000
3199,21000
3200,21000
3201,21000
3202,21000
3203,21000
3204,21000
3205,21000
3206,21000
3207,21000
3208,21000
3209,21000
3210,21000
3211,21000
3212,21000
3213,21000
3214,21000
3215,21000
3216,21000
3217,21000
3218,21000
3219,21000
3220,21000
3221,21000
3222,21000
3223,21000
3224,21000
3225,21000
3226,21000
3227,21000
3228,21000
3229,21000
3230,21000
3231,21000
3232,21000
3233,21000
3234,21000
3235,21000
3236,21000
3237,21000
3238,21000
3239,21000
3240,21000
3241,21000
3242,21000
3243,21000
3244,21000
3245,21000
3246,21000
3247,21000
3248,21000
3249,21000
3250,21000
3251,21000
3252,21000
3253,21000
3254,21000
3255,21000
3256,21000
3257,21000
3258,21000
3259,21000
3260,21000
3261,21000
3262,21000
3263,21000
3264,21000
3265,21000
3266,21000
3267,21000
3268,21000
3269,21000
3270,21000
3271,21000
3272,21000
3273,21000
3274,21000
3275,21000
3276,21000
3277,21000
3278,21000
3279,21000
3280,21000
3281,21000
3282,21000
3283,21000
3284,21000
3285,21000
3286,21000
3287,21000
3288,21000
3289,21000
3290,21000
3291,21000
3292,21000
3293,21000
3294,21000
3295,21000
3296,21000
3297,21000
3298,21000
3299,21000
3300,21000
3301,21000
3302,21000
3303,21000
3304,21000
3305,21000
3306,21000
3307,21000
3308,21000
3309,21000
3310,21000
3311,21000
3312,21000
3313,21000
3314,21000
3315,21000
3316,21000
3317,21000
3318,21000
3319,21000
3320,21000
3321,21000
3322,21000
3323,21000
3324,21000
3325,21000
3326,21000
3327,21000
3328,21000
3329,21000
3330,21000
3331,21000
3332,21000
3333,21000
3334,21000
3335,21000
3336,21000
3337,21000
3338,21000
3339,21000
3340,21000
3341,21000
3342,21000
3343,21000
3344,21000
3345,21000
3346,21000
3347,21000
3348,21000
3349,21000
3350,21000
3351,21000
3352,21000
3353,21000
3354,21000
3355,21000
3356,21000
3357,21000
3358,21000
3359,21000
3360,21000
3361,21000
3362,21000
3363,21000
3364,21000
3365,21000
3366,21000
3367,21000
3368,21000
3369,21000
3370,21000
3371,21000
3372,21000
3373,21000
3374,21000
3375,21000
3376,21000
3377,21000
3378,21000
3379,21000
3380,21000
3381,21000
3382,21000
3383,21000
3384,21000
3385,21000
3386,21000
3387,21000
3388,21000
3389,21000
3390,21000
3391,21000
3392,21000
3393,21000
3394,21000
3395,21000
3396,21000
3397,21000
3398,21000
3399,21000
3400,21000
3401,21000
3402,21000
3403,21000
3404,21000
3405,21000
3406,21000
3407,21000
3408,21000
3409,21000
3410,21000
3411,21000
3412,21000
3413,21000
3414,21000
3415,21000
3416,21000
3417,21000
3418,21000
3419,21000
3420,21000
3421,21000
3422,21000
3423,21000
3424,21000
3425,21000
3426,21000
3427,21000
3428,21000
3429,21000
3430,21000
3431,21000
3432,21000
3433,21000
3434,21000
3435,21000
3436,21000
3437,21000
3438,21000
3439,21000
3440,21000
3441,21000
3442,21000
3443,21000
3444,21000
3445,21000
3446,21000
3447,21000
3448,21000
3449,21000
3450,21000
3451,21000
3452,21000
3453,21000
3454,21000
3455,21000
3456,21000
3457,21000
3458,21000
3459,21000
3460,21000
3461,21000
3462,21000
3463,21000
3464,21000
3465,21000
3466,21000
3467,21000
3468,21000
3469,21000
3470,21000
3471,21000
3472,21000
3473,21000
3474,21000
3475,21000
3476,21000
3477,21000
3478,21000
3479,21000
3480,21000
3481,21000
3482,21000
3483,21000
3484,21000
3485,21000
3486,21000
3487,21000
3488,21000
3489,21000
3490,21000
3491,21000
3492,21000
3493,21000
3494,21000
3495,21000
3496,21000
3497,21000
3498,21000
3499,21000
3500,21000
3501,0
3502,0
3503,0
3504,0
3505,0
3506,0
3507,0
3508,0
3509,0
3510,0
3511,0
3512,0
3513,0
3514,0
3515,0
3516,0
3517,0
3518,0
3519,0
3520,0
3521,0
3522,0
3523,0
3524,0
3525,0
3526,0
3527,0
3528,0
3529,0
3530,0
3531,0
3532,0
3533,0
3534,0
3535,0
3536,0
3537,0
3538,0
3539,0
3540,0
3541,0
3542,0
3543,0
3544,0
3545,0
3546,0
3547,0
3548,0
3549,0
3550,0
3551,0
3552,0
3553,0
3554,0
3555,0
3556,0
3557,0
3558,0
3559,0
3560,0
3561,0
3562,0
3563,0
3564,0
3565,0
3566,0
3567,0
3568,0
3569,0
3570,0
3571,0
3572,0
3573,0
3574,0
3575,0
3576,0
3577,0
3578,0
3579,0
3580,0
3581,0
3582,0
3583,0
3584,0
3585,0
3586,0
3587,0
3588,0
3589,0
3590,0
3591,0
3592,0
3593,0
3594,0
3595,0
3596,0
3597,0
3598,0
3599,0
3600,0
3601,0
3602,0
3603,0
3604,0
3605,0
3606,0
3607,0
3608,0
3609,0
3610,0
3611,0
3612,0
3613,0
3614,0
3615,0
3616,0
3617,0
3618,0
3619,0
3620,0
3621,0
3622,0
3623,0
3624,0
3625,0
3626,0
3627,0
3628,0
3629,0
3630,0
3631,0
3632,0
3633,0
3634,0
3635,0
3636,0
3637,0
3638,0
3639,0
3640,0
3641,0
3642,0
3643,0
3644,0
3645,0
3646,0
3647,0
3648,0
3649,0
3650,0
3651,0
3652,0
3653,0
3654,0
3655,0
3656,0
3657,0
3658,0
3659,0
3660,0
3661,0
3662,0
3663,0
3664,0
3665,0
3666,0
3667,0
3668,0
3669,0
3670,0
3671,0
3672,0
3673,0
3674,0
3675,0
3676,0
3677,0
3678,0
3679,0
3680,0
3681,0
3682,0
3683,0
3684,0
3685,0
3686,0
3687,0
3688,0
3689,0
3690,0
3691,0
3692,0
3693,0
3694,0
3695,0
3696,0
3697,0
3698,0
3699,0
3700,0
3701,0
3702,0
3703,0
3704,0
3705,0
3706,0
3707,0
3708,0
3709,0
3710,0
3711,0
3712,0
3713,0
3714,0
3715,0
3716,0
3717,0
3718,0
3719,0
3720,0
3721,0
3722,0
3723,0
3724,0
3725,0
3726,0
3727,0
3728,0
3729,0
3730,0
3731,0
3732,0
3733,0
3734,0
3735,0
3736,0
3737,0
3738,0
3739,0
3740,0
3741,0
3742,0
3743,0
3744,0
3745,0
3746,0
3747,0
3748,0
3749,0
3750,0
3751,0
3752,0
3753,0
3754,0
3755,0
3756,0
3757,0
3758,0
3759,0
3760,0
3761,0
3762,0
3763,0
3764,0
3765,0
3766,0
3767,0
3768,0
3769,0
3770,0
3771,0
3772,0
3773,0
3774,0
3775,0
3776,0
3777,0
3778,0
3779,0
3780,0
3781,0
3782,0
3783,0
3784,0
3785,0
3786,0
3787,0
3788,0
3789,0
3790,0
3791,0
3792,0
3793,0
3794,0
3795,0
3796,0
3797,0
3798,0
3799,0
3800,0
3801,0
3802,0
3803,0
3804,0
3805,0
3806,0
3807,0
3808,0
3809,0
3810,0
3811,0
3812,0
3813,0
3814,0
3815,0
3816,0
3817,0
3818,0
3819,0
3820,0
3821,0
3822,0
3823,0
3824,0
3825,0
3826,0
3827,0
3828,0
3829,0
3830,0
3831,0
3832,0
3833,0
3834,0
3835,0
3836,0
3837,0
3838,0
3839,0
3840,0
3841,0
3842,0
3843,0
3844,0
3845,0
3846,0
3847,0
3848,0
3849,0
3850,0
3851,0
3852,0
3853,0
3854,0
3855,0
3856,0
3857,0
3858,0
3859,0
3860,0
3861,0
3862,0
3863,0
3864,0
3865,0
3866,0
3867,0
3868,0
3869,0
3870,0
3871,0
3872,0
3873,0
3874,0
3875,0
3876,0
3877,0
3878,0
3879,0
3880,0
3881,0
3882,0
3883,0
3884,0
3885,0
3886,0
3887,0
3888,0
3889,0
3890,0
3891,0
3892,0
3893,0
3894,0
3895,0
3896,0
3897,0
3898,0
3899,0
3900,0
3901,0
3902,0
3903,0
3904,0
3905,0
3906,0
3907,0
3908,0
3909,0
3910,0
3911,0
3912,0
3913,0
3914,0
3915,0
3916,0
3917,0
3918,0
3919,0
3920,0
3921,0
3922,0
3923,0
3924,0
3925,0
3926,0
3927,0
3928,0
3929,0
3930,0
3931,0
3932,0
3933,0
3934,0
3935,0
3936,0
3937,0
3938,0
3939,0
3940,0
3941,0
3942,0
3943,0
3944,0
3945,0
3946,0
3947,0
3948,0
3949,0
3950,0
3951,0
3952,0
3953,0
3954,0
3955,0
3956,0
3957,0
3958,0
3959,0
3960,0
3961,0
3962,0
3963,0
3964,0
3965,0
3966,0
3967,0
3968,0
3969,0
3970,0
3971,0
3972,0
3973,0
3974,0
3975,0
3976,0
3977,0
3978,0
3979,0
3980,0
3981,0
3982,0
3983,0
3984,0
3985,0
3986,0
3987,0
3988,0
3989,0
3990,0
3991,0
3992,0
3993,0
3994,0
3995,0
3996,0
3997,0
3998,0
3999,0
4000,0
4001,0
4002,0
4003,0
4004,0
4005,0
4006,0
4007,0
4008,0
4009,0
4010,0
4011,0
4012,0
4013,0
4014,0
4015,0
4016,0
4017,0
4018,0
4019,0
4020,0
4021,0
4022,0
4023,0
4024,0
4025,0
4026,0
4027,0
4028,0
4029,0
4030,0
4031,0
4032,0
4033,0
4034,0
4035,0
4036,0
4037,0
4038,0
4039,0
4040,0
4041,0
4042,0
4043,0
4044,0
4045,0
4046,0
4047,0
4048,0
4049,0
4050,0
4051,0
4052,0
4053,0
4054,0
4055,0
4056,0
4057,0
4058,0
4059,0
4060,0
4061,0
4062,0
4063,0
4064,0
4065,0
4066,0
4067,0
4068,0
4069,0
4070,0
4071,0
4072,0
4073,0
4074,0
4075,0
4076,0
4077,0
4078,0
4079,0
4080,0
4081,0
4082,0
4083,0
4084,0
4085,0
4086,0
4087,0
4088,0
4089,0
4090,0
4091,0
4092,0
4093,0
4094,0
4095,0
4096,0
4097,0
4098,0
4099,0
4100,0
4101,0
4102,0
4103,0
4104,0
4105,0
4106,0
4107,0
4108,0
4109,0
4110,0
4111,0
4112,0
4113,0
4114,0
4115,0
4116,0
4117,0
4118,0
4119,0
4120,0
4121,0
4122,0
4123,0
4124,0
4125,0
4126,0
4127,0
4128,0
4129,0
4130,0
4131,0
4132,0
4133,0
4134,0
4135,0
4136,0
4137,0
4138,0
4139,0
4140,0
4141,0
4142,0
4143,0
4144,0
4145,0
4146,0
4147,0
4148,0
4149,0
4150,0
4151,0
4152,0
4153,0
4154,0
4155,0
4156,0
4157,0
4158,0
4159,0
4160,0
4161,0
4162,0
4163,0
4164,0
4165,0
4166,0
4167,0
4168,0
4169,0
4170,0
4171,0
4172,0
4173,0
4174,0
4175,0
4176,0
4177,0
4178,0
4179,0
4180,0
4181,0
4182,0
4183,0
4184,0
4185,0
4186,0
4187,0
4188,0
4189,0
4190,0
4191,0
4192,0
4193,0
4194,0
4195,0
4196,0
4197,0
4198,0
4199,0
4200,0
4201,0
4202,0
4203,0
4204,0
4205,0
4206,0
4207,0
4208,0
4209,0
4210,0
4211,0
4212,0
4213,0
4214,0
4215,0
4216,0
4217,0
4218,0
4219,0
4220,0
4221,0
4222,0
4223,0
4224,0
4225,0
4226,0
4227,0
4228,0
4229,0
4230,0
4231,0
4232,0
4233,0
4234,0
4235,0
4236,0
4237,0
4238,0
4239,0
4240,0
4241,0
4242,0
4243,0
4244,0
4245,0
4246,0
4247,0
4248,0
4249,0
4250,0
4251,0
4252,0
4253,0
4254,0
4255,0
4256,0
4257,0
4258,0
4259,0
4260,0
4261,0
4262,0
4263,0
4264,0
4265,0
4266,0
4267,0
4268,0
4269,0
4270,0
4271,0
4272,0
4273,0
4274,0
4275,0
4276,0
4277,0
4278,0
4279,0
4280,0
4281,0
4282,0
4283,0
4284,0
4285,0
4286,0
4287,0
4288,0
4289,0
4290,0
4291,0
4292,0
4293,0
4294,0
4295,0
4296,0
4297,0
4298,0
4299,0
4300,0
4301,0
4302,0
4303,0
4304,0
4305,0
4306,0
4307,0
4308,0
4309,0
4310,0
4311,0
4312,0
4313,0
4314,0
4315,0
4316,0
4317,0
4318,0
4319,0
4320,0
4321,0
4322,0
4323,0
4324,0
4325,0
4326,0
4327,0
4328,0
4329,0
4330,0
4331,0
4332,0
4333,0
4334,0
4335,0
4336,0
4337,0
4338,0
4339,0
4340,0
4341,0
4342,0
4343,0
4344,0
4345,0
4346,0
4347,0
4348,0
4349,0
4350,0
4351,0
4352,0
4353,0
4354,0
4355,0
4356,0
4357,0
4358,0
4359,0
4360,0
4361,0
4362,0
4363,0
4364,0
4365,0
4366,0
4367,0
4368,0
4369,0
4370,0
4371,0
4372,0
4373,0
4374,0
4375,0
4376,0
4377,0
4378,0
4379,0
4380,0
4381,0
4382,0
4383,0
4384,0
4385,0
4386,0
4387,0
4388,0
4389,0
4390,0
4391,0
4392,0
4393,0
4394,0
4395,0
4396,0
4397,0
4398,0
4399,0
4400,0
4401,0
4402,0
4403,0
4404,0
4405,0
4406,0
4407,0
4408,0
4409,0
4410,0
4411,0
4412,0
4413,0
4414,0
4415,0
4416,0
4417,0
4418,0
4419,0
4420,0
4421,0
4422,0
4423,0
4424,0
4425,0
4426,0
4427,0
4428,0
4429,0
4430,0
4431,0
4432,0
4433,0
4434,0
4435,0
4436,0
4437,0
4438,0
4439,0
4440,0
4441,0
4442,0
4443,0
4444,0
4445,0
4446,0
4447,0
4448,0
4449,0
4450,0
4451,0
4452,0
4453,0
4454,0
4455,0
4456,0
4457,0
4458,0
4459,0
4460,0
4461,0
4462,0
4463,0
4464,0
4465,0
4466,0
4467,0
4468,0
4469,0
4470,0
4471,0
4472,0
4473,0
4474,0
4475,0
4476,0
4477,0
4478,0
4479,0
4480,0
4481,0
4482,0
4483,0
4484,0
4485,0
4486,0
4487,0
4488,0
4489,0
4490,0
4491,0
4492,0
4493,0
4494,0
4495,0
4496,0
4497,0
4498,0
4499,0
4500,0
4501,0
4502,0
4503,0
4504,0
4505,0
4506,0
4507,0
4508,0
4509,0
4510,0
4511,0
4512,0
4513,0
4514,0
4515,0
4516,0
4517,0
4518,0
4519,0
4520,0
4521,0
4522,0
4523,0
4524,0
4525,0
4526,0
4527,0
4528,0
4529,0
4530,0
4531,0
4532,0
4533,0
4534,0
4535,0
4536,0
4537,0
4538,0
4539,0
4540,0
4541,0
4542,0
4543,0
4544,0
4545,0
4546,0
4547,0
4548,0
4549,0
4550,0
4551,0
4552,0
4553,0
4554,0
4555,0
4556,0
4557,0
4558,0
4559,0
4560,0
4561,0
4562,0
4563,0
4564,0
4565,0
4566,0
4567,0
4568,0
4569,0
4570,0
4571,0
4572,0
4573,0
4574,0
4575,0
4576,0
4577,0
4578,0
4579,0
4580,0
4581,0
4582,0
4583,0
4584,0
4585,0
4586,0
4587,0
4588,0
4589,0
4590,0
4591,0
4592,0
4593,0
4594,0
4595,0
4596,0
4597,0
4598,0
4599,0
4600,0
4601,0
4602,0
4603,0
4604,0
4605,0
4606,0
4607,0
4608,0
4609,0
4610,0
4611,0
4612,0
4613,0
4614,0
4615,0
4616,0
4617,0
4618,0
4619,0
4620,0
4621,0
4622,0
4623,0
4624,0
4625,0
4626,0
4627,0
4628,0
4629,0
4630,0
4631,0
4632,0
4633,0
4634,0
4635,0
4636,0
4637,0
4638,0
4639,0
4640,0
4641,0
4642,0
4643,0
4644,0
4645,0
4646,0
4647,0
4648,0
4649,0
4650,0
4651,0
4652,0
4653,0
4654,0
4655,0
4656,0
4657,0
4658,0
4659,0
4660,0
4661,0
4662,0
4663,0
4664,0
4665,0
4666,0
4667,0
4668,0
4669,0
4670,0
4671,0
4672,0
4673,0
4674,0
4675,0
4676,0
4677,0
4678,0
4679,0
4680,0
4681,0
4682,0
4683,0
4684,0
4685,0
4686,0
4687,0
4688,0
4689,0
4690,0
4691,0
4692,0
4693,0
4694,0
4695,0
4696,0
4697,0
4698,0
4699,0
4700,0
4701,0
4702,0
4703,0
4704,0
4705,0
4706,0
4707,0
4708,0
4709,0
4710,0
4711,0
4712,0
4713,0
4714,0
4715,0
4716,0
4717,0
4718,0
4719,0
4720,0
4721,0
4722,0
4723,0
4724,0
4725,0
4726,0
4727,0
4728,0
4729,0
4730,0
4731,0
4732,0
4733,0
4734,0
4735,0
4736,0
4737,0
4738,0
4739,0
4740,0
4741,0
4742,0
4743,0
4744,0
4745,0
4746,0
4747,0
4748,0
4749,0
4750,0
4751,0
4752,0
4753,0
4754,0
4755,0
4756,0
4757,0
4758,0
4759,0
4760,0
4761,0
4762,0
4763,0
4764,0
4765,0
4766,0
4767,0
4768,0
4769,0
4770,0
4771,0
4772,0
4773,0
4774,0
4775,0
4776,0
4777,0
4778,0
4779,0
4780,0
4781,0
4782,0
4783,0
4784,0
4785,0
4786,0
4787,0
4788,0
4789,0
4790,0
4791,0
4792,0
4793,0
4794,0
4795,0
4796,0
4797,0
4798,0
4799,0
4800,0
4801,0
4802,0
4803,0
4804,0
4805,0
4806,0
4807,0
4808,0
4809,0
4810,0
4811,0
4812,0
4813,0
4814,0
4815,0
4816,0
4817,0
4818,0
4819,0
4820,0
4821,0
4822,0
4823,0
4824,0
4825,0
4826,0
4827,0
4828,0
4829,0
4830,0
4831,0
4832,0
4833,0
4834,0
4835,0
4836,0
4837,0
4838,0
4839,0
4840,0
4841,0
4842,0
4843,0
4844,0
4845,0
4846,0
4847,0
4848,0
4849,0
4850,0
4851,0
4852,0
4853,0
4854,0
4855,0
4856,0
4857,0
4858,0
4859,0
4860,0
4861,0
4862,0
4863,0
4864,0
4865,0
4866,0
4867,0
4868,0
4869,0
4870,0
4871,0
4872,0
4873,0
4874,0
4875,0
4876,0
4877,0
4878,0
4879,0
4880,0
4881,0
4882,0
4883,0
4884,0
4885,0
4886,0
4887,0
4888,0
4889,0
4890,0
4891,0
4892,0
4893,0
4894,0
4895,0
4896,0
4897,0
4898,0
4899,0
4900,0
4901,0
4902,0
4903,0
4904,0
4905,0
4906,0
4907,0
4908,0
4909,0
4910,0
4911,0
4912,0
4913,0
4914,0
4915,0
4916,0
4917,0
4918,0
4919,0
4920,0
4921,0
4922,0
4923,0
4924,0
4925,0
4926,0
4927,0
4928,0
4929,0
4930,0
4931,0
4932,0
4933,0
4934,0
4935,0
4936,0
4937,0
4938,0
4939,0
4940,0
4941,0
4942,0
4943,0
4944,0
4945,0
4946,0
4947,0
4948,0
4949,0
4950,0
4951,0
4952,0
4953,0
4954,0
4955,0
4956,0
4957,0
4958,0
4959,0
4960,0
4961,0
4962,0
4963,0
4964,0
4965,0
4966,0
4967,0
4968,0
4969,0
4970,0
4971,0
4972,0
4973,0
4974,0
4975,0
4976,0
4977,0
4978,0
4979,0
4980,0
4981,0
4982,0
4983,0
4984,0
4985,0
4986,0
4987,0
4988,0
4989,0
4990,0
4991,0
4992,0
4993,0
4994,0
4995,0
4996,0
4997,0
4998,0
4999,0
5000,0
5001,0
5002,0
5003,0
5004,0
5005,0
5006,0
5007,0
5008,0
5009,0
5010,0
5011,0
5012,0
5013,0
5014,0
5015,0
5016,0
5017,0
5018,0
5019,0
5020,0
5021,0
5022,0
5023,0
5024,0
5025,0
5026,0
5027,0
5028,0
5029,0
5030,0
5031,0
5032,0
5033,0
5034,0
5035,0
5036,0
5037,0
5038,0
5039,0
5040,0
5041,0
5042,0
5043,0
5044,0
5045,0
5046,0
5047,0
5048,0
5049,0
5050,0
5051,0
5052,0
5053,0
5054,0
5055,0
5056,0
5057,0
5058,0
5059,0
5060,0
5061,0
5062,0
5063,0
5064,0
5065,0
5066,0
5067,0
5068,0
5069,0
5070,0
5071,0
5072,0
5073,0
5074,0
5075,0
5076,0
5077,0
5078,0
5079,0
5080,0
5081,0
5082,0
5083,0
5084,0
5085,0
5086,0
5087,0
5088,0
5089,0
5090,0
5091,0
5092,0
5093,0
5094,0
5095,0
5096,0
5097,0
5098,0
5099,0
5100,0
5101,0
5102,0
5103,0
5104,0
5105,0
5106,0
5107,0
5108,0
5109,0
5110,0
5111,0
5112,0
5113,0
5114,0
5115,0
5116,0
5117,0
5118,0
5119,0
5120,0
5121,0
5122,0
5123,0
5124,0
5125,0
5126,0
5127,0
5128,0
5129,0
5130,0
5131,0
5132,0
5133,0
5134,0
5135,0
5136,0
5137,0
5138,0
5139,0
5140,0
5141,0
5142,0
5143,0
5144,0
5145,0
5146,0
5147,0
5148,0
5149,0
5150,0
5151,0
5152,0
5153,0
5154,0
5155,0
5156,0
5157,0
5158,0
5159,0
5160,0
5161,0
5162,0
5163,0
5164,0
5165,0
5166,0
5167,0
5168,0
5169,0
5170,0
5171,0
5172,0
5173,0
5174,0
5175,0
5176,0
5177,0
5178,0
5179,0
5180,0
5181,0
5182,0
5183,0
5184,0
5185,0
5186,0
5187,0
5188,0
5189,0
5190,0
5191,0
5192,0
5193,0
5194,0
5195,0
5196,0
5197,0
5198,0
5199,0
5200,0
5201,0
5202,0
5203,0
5204,0
5205,0
5206,0
5207,0
5208,0
5209,0
5210,0
5211,0
5212,0
5213,0
5214,0
5215,0
5216,0
5217,0
5218,0
5219,0
5220,0
5221,0
5222,0
5223,0
5224,0
5225,0
5226,0
5227,0
5228,0
5229,0
5230,0
5231,0
5232,0
5233,0
5234,0
5235,0
5236,0
5237,0
5238,0
5239,0
5240,0
5241,0
5242,0
5243,0
5244,0
5245,0
5246,0
5247,0
5248,0
5249,0
5250,0
5251,0
5252,0
5253,0
5254,0
5255,0
5256,0
5257,0
5258,0
5259,0
5260,0
5261,0
5262,0
5263,0
5264,0
5265,0
5266,0
5267,0
5268,0
5269,0
5270,0
5271,0
5272,0
5273,0
5274,0
5275,0
5276,0
5277,0
5278,0
5279,0
5280,0
5281,0
5282,0
5283,0
5284,0
5285,0
5286,0
5287,0
5288,0
5289,0
5290,0
5291,0
5292,0
5293,0
5294,0
5295,0
5296,0
5297,0
5298,0
5299,0
5300,0
5301,0
5302,0
5303,0
5304,0
5305,0
5306,0
5307,0
5308,0
5309,0
5310,0
5311,0
5312,0
5313,0
5314,0
5315,0
5316,0
5317,0
5318,0
5319,0
5320,0
5321,0
5322,0
5323,0
5324,0
5325,0
5326,0
5327,0
5328,0
5329,0
5330,0
5331,0
5332,0
5333,0
5334,0
5335,0
5336,0
5337,0
5338,0
5339,0
5340,0
5341,0
5342,0
5343,0
5344,0
5345,0
5346,0
5347,0
5348,0
5349,0
5350,0
5351,0
5352,0
5353,0
5354,0
5355,0
5356,0
5357,0
5358,0
5359,0
5360,0
5361,0
5362,0
5363,0
5364,0
5365,0
5366,0
5367,0
5368,0
5369,0
5370,0
5371,0
5372,0
5373,0
5374,0
5375,0
5376,0
5377,0
5378,0
5379,0
5380,0
5381,0
5382,0
5383,0
5384,0
5385,0
5386,0
5387,0
5388,0
5389,0
5390,0
5391,0
5392,0
5393,0
5394,0
5395,0
5396,0
5397,0
5398,0
5399,0
5400,0
5401,0
5402,0
5403,0
5404,0
5405,0
5406,0
5407,0
5408,0
5409,0
5410,0
5411,0
5412,0
5413,0
5414,0
5415,0
5416,0
5417,0
5418,0
5419,0
5420,0
5421,0
5422,0
5423,0
5424,0
5425,0
5426,0
5427,0
5428,0
5429,0
5430,0
5431,0
5432,0
5433,0
5434,0
5435,0
5436,0
5437,0
5438,0
5439,0
5440,0
5441,0
5442,0
5443,0
5444,0
5445,0
5446,0
5447,0
5448,0
5449,0
5450,0
5451,0
5452,0
5453,0
5454,0
5455,0
5456,0
5457,0
5458,0
5459,0
5460,0
5461,0
5462,0
5463,0
5464,0
5465,0
5466,0
5467,0
5468,0
5469,0
5470,0
5471,0
5472,0
5473,0
5474,0
5475,0
5476,0
5477,0
5478,0
5479,0
5480,0
5481,0
5482,0
5483,0
5484,0
5485,0
5486,0
5487,0
5488,0
5489,0
5490,0
5491,0
5492,0
5493,0
5494,0
5495,0
5496,0
5497,0
5498,0
5499,0
5500,0
5501,0
5502,0
5503,0
5504,0
5505,0
5506,0
5507,0
5508,0
5509,0
5510,0
5511,0
5512,0
5513,0
5514,0
5515,0
5516,0
5517,0
5518,0
5519,0
5520,0
5521,0
5522,0
5523,0
5524,0
5525,0
5526,0
5527,0
5528,0
5529,0
5530,0
5531,0
5532,0
5533,0
5534,0
5535,0
5536,0
5537,0
5538,0
5539,0
5540,0
5541,0
5542,0
5543,0
5544,0
5545,0
5546,0
5547,0
5548,0
5549,0
5550,0
5551,0
5552,0
5553,0
5554,0
5555,0
5556,0
5557,0
5558,0
5559,0
5560,0
5561,0
5562,0
5563,0
5564,0
5565,0
5566,0
5567,0
5568,0
5569,0
5570,0
5571,0
5572,0
5573,0
5574,0
5575,0
5576,0
5577,0
5578,0
5579,0
5580,0
5581,0
5582,0
5583,0
5584,0
5585,0
5586,0
5587,0
5588,0
5589,0
5590,0
5591,0
5592,0
5593,0
5594,0
5595,0
5596,0
5597,0
5598,0
5599,0
5600,0
5601,0
5602,0
5603,0
5604,0
5605,0
5606,0
5607,0
5608,0
5609,0
5610,0
5611,0
5612,0
5613,0
5614,0
5615,0
5616,0
5617,0
5618,0
5619,0
5620,0
5621,0
5622,0
5623,0
5624,0
5625,0
5626,0
5627,0
5628,0
5629,0
5630,0
5631,0
5632,0
5633,0
5634,0
5635,0
5636,0
5637,0
5638,0
5639,0
5640,0
5641,0
5642,0
5643,0
5644,0
5645,0
5646,0
5647,0
5648,0
5649,0
5650,0
5651,0
5652,0
5653,0
5654,0
5655,0
5656,0
5657,0
5658,0
5659,0
5660,0
5661,0
5662,0
5663,0
5664,0
5665,0
5666,0
5667,0
5668,0
5669,0
5670,0
5671,0
5672,0
5673,0
5674,0
5675,0
5676,0
5677,0
5678,0
5679,0
5680,0
5681,0
5682,0
5683,0
5684,0
5685,0
5686,0
5687,0
5688,0
5689,0
5690,0
5691,0
5692,0
5693,0
5694,0
5695,0
5696,0
5697,0
5698,0
5699,0
5700,0
5701,0
5702,0
5703,0
5704,0
5705,0
5706,0
5707,0
5708,0
5709,0
5710,0
5711,0
5712,0
5713,0
5714,0
5715,0
5716,0
5717,0
5718,0
5719,0
5720,0
5721,0
5722,0
5723,0
5724,0
5725,0
5726,0
5727,0
5728,0
5729,0
5730,0
5731,0
5732,0
5733,0
5734,0
5735,0
5736,0
5737,0
5738,0
5739,0
5740,0
5741,0
5742,0
5743,0
5744,0
5745,0
5746,0
5747,0
5748,0
5749,0
5750,0
5751,0
5752,0
5753,0
5754,0
5755,0
5756,0
5757,0
5758,0
5759,0
5760,0
5761,0
5762,0
5763,0
5764,0
5765,0
5766,0
5767,0
5768,0
5769,0
5770,0
5771,0
5772,0
5773,0
5774,0
5775,0
5776,0
5777,0
5778,0
5779,0
5780,0
5781,0
5782,0
5783,0
5784,0
5785,0
5786,0
5787,0
5788,0
5789,0
5790,0
5791,0
5792,0
5793,0
5794,0
5795,0
5796,0
5797,0
5798,0
5799,0
5800,0
5801,0
5802,0
5803,0
5804,0
5805,0
5806,0
5807,0
5808,0
5809,0
5810,0
5811,0
5812,0
5813,0
5814,0
5815,0
5816,0
5817,0
5818,0
5819,0
5820,0
5821,0
5822,0
5823,0
5824,0
5825,0
5826,0
5827,0
5828,0
5829,0
5830,0
5831,0
5832,0
5833,0
5834,0
5835,0
5836,0
5837,0
5838,0
5839,0
5840,0
5841,0
5842,0
5843,0
5844,0
5845,0
5846,0
5847,0
5848,0
5849,0
5850,0
5851,0
5852,0
5853,0
5854,0
5855,0
5856,0
5857,0
5858,0
5859,0
5860,0
5861,0
5862,0
5863,0
5864,0
5865,0
5866,0
5867,0
5868,0
5869,0
5870,0
5871,0
5872,0
5873,0
5874,0
5875,0
5876,0
5877,0
5878,0
5879,0
5880,0
5881,0
5882,0
5883,0
5884,0
5885,0
5886,0
5887,0
5888,0
5889,0
5890,0
5891,0
5892,0
5893,0
5894,0
5895,0
5896,0
5897,0
5898,0
5899,0
5900,0
5901,0
5902,0
5903,0
5904,0
5905,0
5906,0
5907,0
5908,0
5909,0
5910,0
5911,0
5912,0
5913,0
5914,0
5915,0
5916,0
5917,0
5918,0
5919,0
5920,0
5921,0
5922,0
5923,0
5924,0
5925,0
5926,0
5927,0
5928,0
5929,0
5930,0
5931,0
5932,0
5933,0
5934,0
5935,0
5936,0
5937,0
5938,0
5939,0
5940,0
5941,0
5942,0
5943,0
5944,0
5945,0
5946,0
5947,0
5948,0
5949,0
5950,0
5951,0
5952,0
5953,0
5954,0
5955,0
5956,0
5957,0
5958,0
5959,0
5960,0
5961,0
5962,0
5963,0
5964,0
5965,0
5966,0
5967,0
5968,0
5969,0
5970,0
5971,0
5972,0
5973,0
5974,0
5975,0
5976,0
5977,0
5978,0
5979,0
5980,0
5981,0
5982,0
5983,0
5984,0
5985,0
5986,0
5987,0
5988,0
5989,0
5990,0
5991,0
5992,0
5993,0
5994,0
5995,0
5996,0
5997,0
5998,0
5999,0
6000,0
6001,0
6002,0
6003,0
6004,0
6005,0
6006,0
6007,0
6008,0
6009,0
6010,0
6011,0
6012,0
6013,0
6014,0
6015,0
6016,0
6017,0
6018,0
6019,0
6020,0
6021,0
6022,0
6023,0
6024,0
6025,0
6026,0
6027,0
6028,0
6029,0
6030,0
6031,0
6032,0
6033,0
6034,0
6035,0
6036,0
6037,0
6038,0
6039,0
6040,0
6041,0
6042,0
6043,0
6044,0
6045,0
6046,0
6047,0
6048,0
6049,0
6050,0
6051,0
6052,0
6053,0
6054,0
6055,0
6056,0
6057,0
6058,0
6059,0
6060,0
6061,0
6062,0
6063,0
6064,0
6065,0
6066,0
6067,0
6068,0
6069,0
6070,0
6071,0
6072,0
6073,0
6074,0
6075,0
6076,0
6077,0
6078,0
6079,0
6080,0
6081,0
6082,0
6083,0
6084,0
6085,0
6086,0
6087,0
6088,0
6089,0
6090,0
6091,0
6092,0
6093,0
6094,0
6095,0
6096,0
6097,0
6098,0
6099,0
6100,0
6101,0
6102,0
6103,0
6104,0
6105,0
6106,0
6107,0
6108,0
6109,0
6110,0
6111,0
6112,0
6113,0
6114,0
6115,0
6116,0
6117,0
6118,0
6119,0
6120,0
6121,0
6122,0
6123,0
6124,0
6125,0
6126,0
6127,0
6128,0
6129,0
6130,0
6131,0
6132,0
6133,0
6134,0
6135,0
6136,0
6137,0
6138,0
6139,0
6140,0
6141,0
6142,0
6143,0
6144,0
6145,0
6146,0
6147,0
6148,0
6149,0
6150,0
6151,0
6152,0
6153,0
6154,0
6155,0
6156,0
6157,0
6158,0
6159,0
6160,0
6161,0
6162,0
6163,0
6164,0
6165,0
6166,0
6167,0
6168,0
6169,0
6170,0
6171,0
6172,0
6173,0
6174,0
6175,0
6176,0
6177,0
6178,0
6179,0
6180,0
6181,0
6182,0
6183,0
6184,0
6185,0
6186,0
6187,0
6188,0
6189,0
6190,0
6191,0
6192,0
6193,0
6194,0
6195,0
6196,0
6197,0
6198,0
6199,0
6200,0
6201,0
6202,0
6203,0
6204,0
6205,0
6206,0
6207,0
6208,0
6209,0
6210,0
6211,0
6212,0
6213,0
6214,0
6215,0
6216,0
6217,0
6218,0
6219,0
6220,0
6221,0
6222,0
6223,0
6224,0
6225,0
6226,0
6227,0
6228,0
6229,0
6230,0
6231,0
6232,0
6233,0
6234,0
6235,0
6236,0
6237,0
6238,0
6239,0
6240,0
6241,0
6242,0
6243,0
6244,0
6245,0
6246,0
6247,0
6248,0
6249,0
6250,0
6251,0
6252,0
6253,0
6254,0
6255,0
6256,0
6257,0
6258,0
6259,0
6260,0
6261,0
6262,0
6263,0
6264,0
6265,0
6266,0
6267,0
6268,0
6269,0
6270,0
6271,0
6272,0
6273,0
6274,0
6275,0
6276,0
6277,0
6278,0
6279,0
6280,0
6281,0
6282,0
6283,0
6284,0
6285,0
6286,0
6287,0
6288,0
6289,0
6290,0
6291,0
6292,0
6293,0
6294,0
6295,0
6296,0
6297,0
6298,0
6299,0
6300,0
6301,0
6302,0
6303,0
6304,0
6305,0
6306,0
6307,0
6308,0
6309,0
6310,0
6311,0
6312,0
6313,0
6314,0
6315,0
6316,0
6317,0
6318,0
6319,0
6320,0
6321,0
6322,0
6323,0
6324,0
6325,0
6326,0
6327,0
6328,0
6329,0
6330,0
6331,0
6332,0
6333,0
6334,0
6335,0
6336,0
6337,0
6338,0
6339,0
6340,0
6341,0
6342,0
6343,0
6344,0
6345,0
6346,0
6347,0
6348,0
6349,0
6350,0
6351,0
6352,0
6353,0
6354,0
6355,0
6356,0
6357,0
6358,0
6359,0
6360,0
6361,0
6362,0
6363,0
6364,0
6365,0
6366,0
6367,0
6368,0
6369,0
6370,0
6371,0
6372,0
6373,0
6374,0
6375,0
6376,0
6377,0
6378,0
6379,0
6380,0
6381,0
6382,0
6383,0
6384,0
6385,0
6386,0
6387,0
6388,0
6389,0
6390,0
6391,0
6392,0
6393,0
6394,0
6395,0
6396,0
6397,0
6398,0
6399,0
6400,0
6401,0
6402,0
6403,0
6404,0
6405,0
6406,0
6407,0
6408,0
6409,0
6410,0
6411,0
6412,0
6413,0
6414,0
6415,0
6416,0
6417,0
6418,0
6419,0
6420,0
6421,0
6422,0
6423,0
6424,0
6425,0
6426,0
6427,0
6428,0
6429,0
6430,0
6431,0
6432,0
6433,0
6434,0
6435,0
6436,0
6437,0
6438,0
6439,0
6440,0
6441,0
6442,0
6443,0
6444,0
6445,0
6446,0
6447,0
6448,0
6449,0
6450,0
6451,0
6452,0
6453,0
6454,0
6455,0
6456,0
6457,0
6458,0
6459,0
6460,0
6461,0
6462,0
6463,0
6464,0
6465,0
6466,0
6467,0
6468,0
6469,0
6470,0
6471,0
6472,0
6473,0
6474,0
6475,0
6476,0
6477,0
6478,0
6479,0
6480,0
6481,0
6482,0
6483,0
6484,0
6485,0
6486,0
6487,0
6488,0
6489,0
6490,0
6491,0
6492,0
6493,0
6494,0
6495,0
6496,0
6497,0
6498,0
6499,0
6500,0
6501,0
6502,0
6503,0
6504,0
6505,0
6506,0
6507,0
6508,0
6509,0
6510,0
6511,0
6512,0
6513,0
6514,0
6515,0
6516,0
6517,0
6518,0
6519,0
6520,0
6521,0
6522,0
6523,0
6524,0
6525,0
6526,0
6527,0
6528,0
6529,0
6530,0
6531,0
6532,0
6533,0
6534,0
6535,0
6536,0
6537,0
6538,0
6539,0
6540,0
6541,0
6542,0
6543,0
6544,0
6545,0
6546,0
6547,0
6548,0
6549,0
6550,0
6551,0
6552,0
6553,0
6554,0
6555,0
6556,0
6557,0
6558,0
6559,0
6560,0
6561,0
6562,0
6563,0
6564,0
6565,0
6566,0
6567,0
6568,0
6569,0
6570,0
6571,0
6572,0
6573,0
6574,0
6575,0
6576,0
6577,0
6578,0
6579,0
6580,0
6581,0
6582,0
6583,0
6584,0
6585,0
6586,0
6587,0
6588,0
6589,0
6590,0
6591,0
6592,0
6593,0
6594,0
6595,0
6596,0
6597,0
6598,0
6599,0
6600,0
6601,0
6602,0
6603,0
6604,0
6605,0
6606,0
6607,0
6608,0
6609,0
6610,0
6611,0
6612,0
6613,0
6614,0
6615,0
6616,0
6617,0
6618,0
6619,0
6620,0
6621,0
6622,0
6623,0
6624,0
6625,0
6626,0
6627,0
6628,0
6629,0
6630,0
6631,0
6632,0
6633,0
6634,0
6635,0
6636,0
6637,0
6638,0
6639,0
6640,0
6641,0
6642,0
6643,0
6644,0
6645,0
6646,0
6647,0
6648,0
6649,0
6650,0
6651,0
6652,0
6653,0
6654,0
6655,0
6656,0
6657,0
6658,0
6659,0
6660,0
6661,0
6662,0
6663,0
6664,0
6665,0
6666,0
6667,0
6668,0
6669,0
6670,0
6671,0
6672,0
6673,0
6674,0
6675,0
6676,0
6677,0
6678,0
6679,0
6680,0
6681,0
6682,0
6683,0
6684,0
6685,0
6686,0
6687,0
6688,0
6689,0
6690,0
6691,0
6692,0
6693,0
6694,0
6695,0
6696,0
6697,0
6698,0
6699,0
6700,0
6701,0
6702,0
6703,0
6704,0
6705,0
6706,0
6707,0
6708,0
6709,0
6710,0
6711,0
6712,0
6713,0
6714,0
6715,0
6716,0
6717,0
6718,0
6719,0
6720,0
6721,0
6722,0
6723,0
6724,0
6725,0
6726,0
6727,0
6728,0
6729,0
6730,0
6731,0
6732,0
6733,0
6734,0
6735,0
6736,0
6737,0
6738,0
6739,0
6740,0
6741,0
6742,0
6743,0
6744,0
6745,0
6746,0
6747,0
6748,0
6749,0
6750,0
6751,0
6752,0
6753,0
6754,0
6755,0
6756,0
6757,0
6758,0
6759,0
6760,0
6761,0
6762,0
6763,0
6764,0
6765,0
6766,0
6767,0
6768,0
6769,0
6770,0
6771,0
6772,0
6773,0
6774,0
6775,0
6776,0
6777,0
6778,0
6779,0
6780,0
6781,0
6782,0
6783,0
6784,0
6785,0
6786,0
6787,0
6788,0
6789,0
6790,0
6791,0
6792,0
6793,0
6794,0
6795,0
6796,0
6797,0
6798,0
6799,0
6800,0
6801,0
6802,0
6803,0
6804,0
6805,0
6806,0
6807,0
6808,0
6809,0
6810,0
6811,0
6812,0
6813,0
6814,0
6815,0
6816,0
6817,0
6818,0
6819,0
6820,0
6821,0
6822,0
6823,0
6824,0
6825,0
6826,0
6827,0
6828,0
6829,0
6830,0
6831,0
6832,0
6833,0
6834,0
6835,0
6836,0
6837,0
6838,0
6839,0
6840,0
6841,0
6842,0
6843,0
6844,0
6845,0
6846,0
6847,0
6848,0
6849,0
6850,0
6851,0
6852,0
6853,0
6854,0
6855,0
6856,0
6857,0
6858,0
6859,0
6860,0
6861,0
6862,0
6863,0
6864,0
6865,0
6866,0
6867,0
6868,0
6869,0
6870,0
6871,0
6872,0
6873,0
6874,0
6875,0
6876,0
6877,0
6878,0
6879,0
6880,0
6881,0
6882,0
6883,0
6884,0
6885,0
6886,0
6887,0
6888,0
6889,0
6890,0
6891,0
6892,0
6893,0
6894,0
6895,0
6896,0
6897,0
6898,0
6899,0
6900,0
6901,0
6902,0
6903,0
6904,0
6905,0
6906,0
6907,0
6908,0
6909,0
6910,0
6911,0
6912,0
6913,0
6914,0
6915,0
6916,0
6917,0
6918,0
6919,0
6920,0
6921,0
6922,0
6923,0
6924,0
6925,0
6926,0
6927,0
6928,0
6929,0
6930,0
6931,0
6932,0
6933,0
6934,0
6935,0
6936,0
6937,0
6938,0
6939,0
6940,0
6941,0
6942,0
6943,0
6944,0
6945,0
6946,0
6947,0
6948,0
6949,0
6950,0
6951,0
6952,0
6953,0
6954,0
6955,0
6956,0
6957,0
6958,0
6959,0
6960,0
6961,0
6962,0
6963,0
6964,0
6965,0
6966,0
6967,0
6968,0
6969,0
6970,0
6971,0
6972,0
6973,0
6974,0
6975,0
6976,0
6977,0
6978,0
6979,0
6980,0
6981,0
6982,0
6983,0
6984,0
6985,0
6986,0
6987,0
6988,0
6989,0
6990,0
6991,0
6992,0
6993,0
6994,0
6995,0
6996,0
6997,0
6998,0
6999,0
7000,0
7001,0
7002,0
7003,0
7004,0
7005,0
7006,0
7007,0
7008,0
7009,0
7010,0
7011,0
7012,0
7013,0
7014,0
7015,0
7016,0
7017,0
7018,0
7019,0
7020,0
7021,0
7022,0
7023,0
7024,0
7025,0
7026,0
7027,0
7028,0
7029,0
7030,0
7031,0
7032,0
7033,0
7034,0
7035,0
7036,0
7037,0
7038,0
7039,0
7040,0
7041,0
7042,0
7043,0
7044,0
7045,0
7046,0
7047,0
7048,0
7049,0
7050,0
7051,0
7052,0
7053,0
7054,0
7055,0
7056,0
7057,0
7058,0
7059,0
7060,0
7061,0
7062,0
7063,0
7064,0
7065,0
7066,0
7067,0
7068,0
7069,0
7070,0
7071,0
7072,0
7073,0
7074,0
7075,0
7076,0
7077,0
7078,0
7079,0
7080,0
7081,0
7082,0
7083,0
7084,0
7085,0
7086,0
7087,0
7088,0
7089,0
7090,0
7091,0
7092,0
7093,0
7094,0
7095,0
7096,0
7097,0
7098,0
7099,0
7100,0
7101,0
7102,0
7103,0
7104,0
7105,0
7106,0
7107,0
7108,0
7109,0
7110,0
7111,0
7112,0
7113,0
7114,0
7115,0
7116,0
7117,0
7118,0
7119,0
7120,0
7121,0
7122,0
7123,0
7124,0
7125,0
7126,0
7127,0
7128,0
7129,0
7130,0
7131,0
7132,0
7133,0
7134,0
7135,0
7136,0
7137,0
7138,0
7139,0
7140,0
7141,0
7142,0
7143,0
7144,0
7145,0
7146,0
7147,0
7148,0
7149,0
7150,0
7151,0
7152,0
7153,0
7154,0
7155,0
7156,0
7157,0
7158,0
7159,0
7160,0
7161,0
7162,0
7163,0
7164,0
7165,0
7166,0
7167,0
7168,0
7169,0
7170,0
7171,0
7172,0
7173,0
7174,0
7175,0
7176,0
7177,0
7178,0
7179,0
7180,0
7181,0
7182,0
7183,0
7184,0
7185,0
7186,0
7187,0
7188,0
7189,0
7190,0
7191,0
7192,0
7193,0
7194,0
7195,0
7196,0
7197,0
7198,0
7199,0
7200,0
7201,0
7202,0
7203,0
7204,0
7205,0
7206,0
7207,0
7208,0
7209,0
7210,0
7211,0
7212,0
7213,0
7214,0
7215,0
7216,0
7217,0
7218,0
7219,0
7220,0
7221,0
7222,0
7223,0
7224,0
7225,0
7226,0
7227,0
7228,0
7229,0
7230,0
7231,0
7232,0
7233,0
7234,0
7235,0
7236,0
7237,0
7238,0
7239,0
7240,0
7241,0
7242,0
7243,0
7244,0
7245,0
7246,0
7247,0
7248,0
7249,0
7250,0
7251,0
7252,0
7253,0
7254,0
7255,0
7256,0
7257,0
7258,0
7259,0
7260,0
7261,0
7262,0
7263,0
7264,0
7265,0
7266,0
7267,0
7268,0
7269,0
7270,0
7271,0
7272,0
7273,0
7274,0
7275,0
7276,0
7277,0
7278,0
7279,0
7280,0
7281,0
7282,0
7283,0
7284,0
7285,0
7286,0
7287,0
7288,0
7289,0
7290,0
7291,0
7292,0
7293,0
7294,0
7295,0
7296,0
7297,0
7298,0
7299,0
7300,0
7301,0
7302,0
7303,0
7304,0
7305,0
7306,0
7307,0
7308,0
7309,0
7310,0
7311,0
7312,0
7313,0
7314,0
7315,0
7316,0
7317,0
7318,0
7319,0
7320,0
7321,0
7322,0
7323,0
7324,0
7325,0
7326,0
7327,0
7328,0
7329,0
7330,0
7331,0
7332,0
7333,0
7334,0
7335,0
7336,0
7337,0
7338,0
7339,0
7340,0
7341,0
7342,0
7343,0
7344,0
7345,0
7346,0
7347,0
7348,0
7349,0
7350,0
7351,0
7352,0
7353,0
7354,0
7355,0
7356,0
7357,0
7358,0
7359,0
7360,0
7361,0
7362,0
7363,0
7364,0
7365,0
7366,0
7367,0
7368,0
7369,0
7370,0
7371,0
7372,0
7373,0
7374,0
7375,0
7376,0
7377,0
7378,0
7379,0
7380,0
7381,0
7382,0
7383,0
7384,0
7385,0
7386,0
7387,0
7388,0
7389,0
7390,0
7391,0
7392,0
7393,0
7394,0
7395,0
7396,0
7397,0
7398,0
7399,0
7400,0
7401,0
7402,0
7403,0
7404,0
7405,0
7406,0
7407,0
7408,0
7409,0
7410,0
7411,0
7412,0
7413,0
7414,0
7415,0
7416,0
7417,0
7418,0
7419,0
7420,0
7421,0
7422,0
7423,0
7424,0
7425,0
7426,0
7427,0
7428,0
7429,0
7430,0
7431,0
7432,0
7433,0
7434,0
7435,0
7436,0
7437,0
7438,0
7439,0
7440,0
7441,0
7442,0
7443,0
7444,0
7445,0
7446,0
7447,0
7448,0
7449,0
7450,0
7451,0
7452,0
7453,0
7454,0
7455,0
7456,0
7457,0
7458,0
7459,0
7460,0
7461,0
7462,0
7463,0
7464,0
7465,0
7466,0
7467,0
7468,0
7469,0
7470,0
7471,0
7472,0
7473,0
7474,0
7475,0
7476,0
7477,0
7478,0
7479,0
7480,0
7481,0
7482,0
7483,0
7484,0
7485,0
7486,0
7487,0
7488,0
7489,0
7490,0
7491,0
7492,0
7493,0
7494,0
7495,0
7496,0
7497,0
7498,0
7499,0
7500,0
7501,0
7502,0
7503,0
7504,0
7505,0
7506,0
7507,0
7508,0
7509,0
7510,0
7511,0
7512,0
7513,0
7514,0
7515,0
7516,0
7517,0
7518,0
7519,0
7520,0
7521,0
7522,0
7523,0
7524,0
7525,0
7526,0
7527,0
7528,0
7529,0
7530,0
7531,0
7532,0
7533,0
7534,0
7535,0
7536,0
7537,0
7538,0
7539,0
7540,0
7541,0
7542,0
7543,0
7544,0
7545,0
7546,0
7547,0
7548,0
7549,0
7550,0
7551,0
7552,0
7553,0
7554,0
7555,0
7556,0
7557,0
7558,0
7559,0
7560,0
7561,0
7562,0
7563,0
7564,0
7565,0
7566,0
7567,0
7568,0
7569,0
7570,0
7571,0
7572,0
7573,0
7574,0
7575,0
7576,0
7577,0
7578,0
7579,0
7580,0
7581,0
7582,0
7583,0
7584,0
7585,0
7586,0
7587,0
7588,0
7589,0
7590,0
7591,0
7592,0
7593,0
7594,0
7595,0
7596,0
7597,0
7598,0
7599,0
7600,0
7601,0
7602,0
7603,0
7604,0
7605,0
7606,0
7607,0
7608,0
7609,0
7610,0
7611,0
7612,0
7613,0
7614,0
7615,0
7616,0
7617,0
7618,0
7619,0
7620,0
7621,0
7622,0
7623,0
7624,0
7625,0
7626,0
7627,0
7628,0
7629,0
7630,0
7631,0
7632,0
7633,0
7634,0
7635,0
7636,0
7637,0
7638,0
7639,0
7640,0
7641,0
7642,0
7643,0
7644,0
7645,0
7646,0
7647,0
7648,0
7649,0
7650,0
7651,0
7652,0
7653,0
7654,0
7655,0
7656,0
7657,0
7658,0
7659,0
7660,0
7661,0
7662,0
7663,0
7664,0
7665,0
7666,0
7667,0
7668,0
7669,0
7670,0
7671,0
7672,0
7673,0
7674,0
7675,0
7676,0
7677,0
7678,0
7679,0
7680,0
7681,0
7682,0
7683,0
7684,0
7685,0
7686,0
7687,0
7688,0
7689,0
7690,0
7691,0
7692,0
7693,0
7694,0
7695,0
7696,0
7697,0
7698,0
7699,0
7700,0
7701,0
7702,0
7703,0
7704,0
7705,0
7706,0
7707,0
7708,0
7709,0
7710,0
7711,0
7712,0
7713,0
7714,0
7715,0
7716,0
7717,0
7718,0
7719,0
7720,0
7721,0
7722,0
7723,0
7724,0
7725,0
7726,0
7727,0
7728,0
7729,0
7730,0
7731,0
7732,0
7733,0
7734,0
7735,0
7736,0
7737,0
7738,0
7739,0
7740,0
7741,0
7742,0
7743,0
7744,0
7745,0
7746,0
7747,0
7748,0
7749,0
7750,0
7751,0
7752,0
7753,0
7754,0
7755,0
7756,0
7757,0
7758,0
7759,0
7760,0
7761,0
7762,0
7763,0
7764,0
7765,0
7766,0
7767,0
7768,0
7769,0
7770,0
7771,0
7772,0
7773,0
7774,0
7775,0
7776,0
7777,0
7778,0
7779,0
7780,0
7781,0
7782,0
7783,0
7784,0
7785,0
7786,0
7787,0
7788,0
7789,0
7790,0
7791,0
7792,0
7793,0
7794,0
7795,0
7796,0
7797,0
7798,0
7799,0
7800,0
7801,0
7802,0
7803,0
7804,0
7805,0
7806,0
7807,0
7808,0
7809,0
7810,0
7811,0
7812,0
7813,0
7814,0
7815,0
7816,0
7817,0
7818,0
7819,0
7820,0
7821,0
7822,0
7823,0
7824,0
7825,0
7826,0
7827,0
7828,0
7829,0
7830,0
7831,0
7832,0
7833,0
7834,0
7835,0
7836,0
7837,0
7838,0
7839,0
7840,0
7841,0
7842,0
7843,0
7844,0
7845,0
7846,0
7847,0
7848,0
7849,0
7850,0
7851,0
7852,0
7853,0
7854,0
7855,0
7856,0
7857,0
7858,0
7859,0
7860,0
7861,0
7862,0
7863,0
7864,0
7865,0
7866,0
7867,0
7868,0
7869,0
7870,0
7871,0
7872,0
7873,0
7874,0
7875,0
7876,0
7877,0
7878,0
7879,0
7880,0
7881,0
7882,0
7883,0
7884,0
7885,0
7886,0
7887,0
7888,0
7889,0
7890,0
7891,0
7892,0
7893,0
7894,0
7895,0
7896,0
7897,0
7898,0
7899,0
7900,0
7901,0
7902,0
7903,0
7904,0
7905,0
7906,0
7907,0
7908,0
7909,0
7910,0
7911,0
7912,0
7913,0
7914,0
7915,0
7916,0
7917,0
7918,0
7919,0
7920,0
7921,0
7922,0
7923,0
7924,0
7925,0
7926,0
7927,0
7928,0
7929,0
7930,0
7931,0
7932,0
7933,0
7934,0
7935,0
7936,0
7937,0
7938,0
7939,0
7940,0
7941,0
7942,0
7943,0
7944,0
7945,0
7946,0
7947,0
7948,0
7949,0
7950,0
7951,0
7952,0
7953,0
7954,0
7955,0
7956,0
7957,0
7958,0
7959,0
7960,0
7961,0
7962,0
7963,0
7964,0
7965,0
7966,0
7967,0
7968,0
7969,0
7970,0
7971,0
7972,0
7973,0
7974,0
7975,0
7976,0
7977,0
7978,0
7979,0
7980,0
7981,0
7982,0
7983,0
7984,0
7985,0
7986,0
7987,0
7988,0
7989,0
7990,0
7991,0
7992,0
7993,0
7994,0
7995,0
7996,0
7997,0
7998,0
7999,0
8000,0
8001,0
8002,0
8003,0
8004,0
8005,0
8006,0
8007,0
8008,0
8009,0
8010,0
8011,0
8012,0
8013,0
8014,0
8015,0
8016,0
8017,0
8018,0
8019,0
8020,0
8021,0
8022,0
8023,0
8024,0
8025,0
8026,0
8027,0
8028,0
8029,0
8030,0
8031,0
8032,0
8033,0
8034,0
8035,0
8036,0
8037,0
8038,0
8039,0
8040,0
8041,0
8042,0
8043,0
8044,0
8045,0
8046,0
8047,0
8048,0
8049,0
8050,0
8051,0
8052,0
8053,0
8054,0
8055,0
8056,0
8057,0
8058,0
8059,0
8060,0
8061,0
8062,0
8063,0
8064,0
8065,0
8066,0
8067,0
8068,0
8069,0
8070,0
8071,0
8072,0
8073,0
8074,0
8075,0
8076,0
8077,0
8078,0
8079,0
8080,0
8081,0
8082,0
8083,0
8084,0
8085,0
8086,0
8087,0
8088,0
8089,0
8090,0
8091,0
8092,0
8093,0
8094,0
8095,0
8096,0
8097,0
8098,0
8099,0
8100,0
8101,0
8102,0
8103,0
8104,0
8105,0
8106,0
8107,0
8108,0
8109,0
8110,0
8111,0
8112,0
8113,0
8114,0
8115,0
8116,0
8117,0
8118,0
8119,0
8120,0
8121,0
8122,0
8123,0
8124,0
8125,0
8126,0
8127,0
8128,0
8129,0
8130,0
8131,0
8132,0
8133,0
8134,0
8135,0
8136,0
8137,0
8138,0
8139,0
8140,0
8141,0
8142,0
8143,0
8144,0
8145,0
8146,0
8147,0
8148,0
8149,0
8150,0
8151,0
8152,0
8153,0
8154,0
8155,0
8156,0
8157,0
8158,0
8159,0
8160,0
8161,0
8162,0
8163,0
8164,0
8165,0
8166,0
8167,0
8168,0
8169,0
8170,0
8171,0
8172,0
8173,0
8174,0
8175,0
8176,0
8177,0
8178,0
8179,0
8180,0
8181,0
8182,0
8183,0
8184,0
8185,0
8186,0
8187,0
8188,0
8189,0
8190,0
8191,0
8192,0
8193,0
8194,0
8195,0
8196,0
8197,0
8198,0
8199,0
8200,0
8201,0
8202,0
8203,0
8204,0
8205,0
8206,0
8207,0
8208,0
8209,0
8210,0
8211,0
8212,0
8213,0
8214,0
8215,0
8216,0
8217,0
8218,0
8219,0
8220,0
8221,0
8222,0
8223,0
8224,0
8225,0
8226,0
8227,0
8228,0
8229,0
8230,0
8231,0
8232,0
8233,0
8234,0
8235,0
8236,0
8237,0
8238,0
8239,0
8240,0
8241,0
8242,0
8243,0
8244,0
8245,0
8246,0
8247,0
8248,0
8249,0
8250,0
8251,0
8252,0
8253,0
8254,0
8255,0
8256,0
8257,0
8258,0
8259,0
8260,0
8261,0
8262,0
8263,0
8264,0
8265,0
8266,0
8267,0
8268,0
8269,0
8270,0
8271,0
8272,0
8273,0
8274,0
8275,0
8276,0
8277,0
8278,0
8279,0
8280,0
8281,0
8282,0
8283,0
8284,0
8285,0
8286,0
8287,0
8288,0
8289,0
8290,0
8291,0
8292,0
8293,0
8294,0
8295,0
8296,0
8297,0
8298,0
8299,0
8300,0
8301,0
8302,0
8303,0
8304,0
8305,0
8306,0
8307,0
8308,0
8309,0
8310,0
8311,0
8312,0
8313,0
8314,0
8315,0
8316,0
8317,0
8318,0
8319,0
8320,0
8321,0
8322,0
8323,0
8324,0
8325,0
8326,0
8327,0
8328,0
8329,0
8330,0
8331,0
8332,0
8333,0
8334,0
8335,0
8336,0
8337,0
8338,0
8339,0
8340,0
8341,0
8342,0
8343,0
8344,0
8345,0
8346,0
8347,0
8348,0
8349,0
8350,0
8351,0
8352,0
8353,0
8354,0
8355,0
8356,0
8357,0
8358,0
8359,0
8360,0
8361,0
8362,0
8363,0
8364,0
8365,0
8366,0
8367,0
8368,0
8369,0
8370,0
8371,0
8372,0
8373,0
8374,0
8375,0
8376,0
8377,0
8378,0
8379,0
8380,0
8381,0
8382,0
8383,0
8384,0
8385,0
8386,0
8387,0
8388,0
8389,0
8390,0
8391,0
8392,0
8393,0
8394,0
8395,0
8396,0
8397,0
8398,0
8399,0
8400,0
8401,0
8402,0
8403,0
8404,0
8405,0
8406,0
8407,0
8408,0
8409,0
8410,0
8411,0
8412,0
8413,0
8414,0
8415,0
8416,0
8417,0
8418,0
8419,0
8420,0
8421,0
8422,0
8423,0
8424,0
8425,0
8426,0
8427,0
8428,0
8429,0
8430,0
8431,0
8432,0
8433,0
8434,0
8435,0
8436,0
8437,0
8438,0
8439,0
8440,0
8441,0
8442,0
8443,0
8444,0
8445,0
8446,0
8447,0
8448,0
8449,0
8450,0
8451,0
8452,0
8453,0
8454,0
8455,0
8456,0
8457,0
8458,0
8459,0
8460,0
8461,0
8462,0
8463,0
8464,0
8465,0
8466,0
8467,0
8468,0
8469,0
8470,0
8471,0
8472,0
8473,0
8474,0
8475,0
8476,0
8477,0
8478,0
8479,0
8480,0
8481,0
8482,0
8483,0
8484,0
8485,0
8486,0
8487,0
8488,0
8489,0
8490,0
8491,0
8492,0
8493,0
8494,0
8495,0
8496,0
8497,0
8498,0
8499,0
8500,0
8501,0
8502,0
8503,0
8504,0
8505,0
8506,0
8507,0
8508,0
8509,0
8510,0
8511,0
8512,0
8513,0
8514,0
8515,0
8516,0
8517,0
8518,0
8519,0
8520,0
8521,0
8522,0
8523,0
8524,0
8525,0
8526,0
8527,0
8528,0
8529,0
8530,0
8531,0
8532,0
8533,0
8534,0
8535,0
8536,0
8537,0
8538,0
8539,0
8540,0
8541,0
8542,0
8543,0
8544,0
8545,0
8546,0
8547,0
8548,0
8549,0
8550,0
8551,0
8552,0
8553,0
8554,0
8555,0
8556,0
8557,0
8558,0
8559,0
8560,0
8561,0
8562,0
8563,0
8564,0
8565,0
8566,0
8567,0
8568,0
8569,0
8570,0
8571,0
8572,0
8573,0
8574,0
8575,0
8576,0
8577,0
8578,0
8579,0
8580,0
8581,0
8582,0
8583,0
8584,0
8585,0
8586,0
8587,0
8588,0
8589,0
8590,0
8591,0
8592,0
8593,0
8594,0
8595,0
8596,0
8597,0
8598,0
8599,0
8600,0
8601,0
8602,0
8603,0
8604,0
8605,0
8606,0
8607,0
8608,0
8609,0
8610,0
8611,0
8612,0
8613,0
8614,0
8615,0
8616,0
8617,0
8618,0
8619,0
8620,0
8621,0
8622,0
8623,0
8624,0
8625,0
8626,0
8627,0
8628,0
8629,0
8630,0
8631,0
8632,0
8633,0
8634,0
8635,0
8636,0
8637,0
8638,0
8639,0
8640,0
8641,0
8642,0
8643,0
8644,0
8645,0
8646,0
8647,0
8648,0
8649,0
8650,0
8651,0
8652,0
8653,0
8654,0
8655,0
8656,0
8657,0
8658,0
8659,0
8660,0
8661,0
8662,0
8663,0
8664,0
8665,0
8666,0
8667,0
8668,0
8669,0
8670,0
8671,0
8672,0
8673,0
8674,0
8675,0
8676,0
8677,0
8678,0
8679,0
8680,0
8681,0
8682,0
8683,0
8684,0
8685,0
8686,0
8687,0
8688,0
8689,0
8690,0
8691,0
8692,0
8693,0
8694,0
8695,0
8696,0
8697,0
8698,0
8699,0
8700,0
8701,0
8702,0
8703,0
8704,0
8705,0
8706,0
8707,0
8708,0
8709,0
8710,0
8711,0
8712,0
8713,0
8714,0
8715,0
8716,0
8717,0
8718,0
8719,0
8720,0
8721,0
8722,0
8723,0
8724,0
8725,0
8726,0
8727,0
8728,0
8729,0
8730,0
8731,0
8732,0
8733,0
8734,0
8735,0
8736,0
8737,0
8738,0
8739,0
8740,0
8741,0
8742,0
8743,0
8744,0
8745,0
8746,0
8747,0
8748,0
8749,0
8750,0
8751,0
8752,0
8753,0
8754,0
8755,0
8756,0
8757,0
8758,0
8759,0
8760,0
8761,0
8762,0
8763,0
8764,0
8765,0
8766,0
8767,0
8768,0
8769,0
8770,0
8771,0
8772,0
8773,0
8774,0
8775,0
8776,0
8777,0
8778,0
8779,0
8780,0
8781,0
8782,0
8783,0
8784,0
8785,0
8786,0
8787,0
8788,0
8789,0
8790,0
8791,0
8792,0
8793,0
8794,0
8795,0
8796,0
8797,0
8798,0
8799,0
8800,0
8801,0
8802,0
8803,0
8804,0
8805,0
8806,0
8807,0
8808,0
8809,0
8810,0
8811,0
8812,0
8813,0
8814,0
8815,0
8816,0
8817,0
8818,0
8819,0
8820,0
8821,0
8822,0
8823,0
8824,0
8825,0
8826,0
8827,0
8828,0
8829,0
8830,0
8831,0
8832,0
8833,0
8834,0
8835,0
8836,0
8837,0
8838,0
8839,0
8840,0
8841,0
8842,0
8843,0
8844,0
8845,0
8846,0
8847,0
8848,0
8849,0
8850,0
8851,0
8852,0
8853,0
8854,0
8855,0
8856,0
8857,0
8858,0
8859,0
8860,0
8861,0
8862,0
8863,0
8864,0
8865,0
8866,0
8867,0
8868,0
8869,0
8870,0
8871,0
8872,0
8873,0
8874,0
8875,0
8876,0
8877,0
8878,0
8879,0
8880,0
8881,0
8882,0
8883,0
8884,0
8885,0
8886,0
8887,0
8888,0
8889,0
8890,0
8891,0
8892,0
8893,0
8894,0
8895,0
8896,0
8897,0
8898,0
8899,0
8900,0
8901,0
8902,0
8903,0
8904,0
8905,0
8906,0
8907,0
8908,0
8909,0
8910,0
8911,0
8912,0
8913,0
8914,0
8915,0
8916,0
8917,0
8918,0
8919,0
8920,0
8921,0
8922,0
8923,0
8924,0
8925,0
8926,0
8927,0
8928,0
8929,0
8930,0
8931,0
8932,0
8933,0
8934,0
8935,0
8936,0
8937,0
8938,0
8939,0
8940,0
8941,0
8942,0
8943,0
8944,0
8945,0
8946,0
8947,0
8948,0
8949,0
8950,0
8951,0
8952,0
8953,0
8954,0
8955,0
8956,0
8957,0
8958,0
8959,0
8960,0
8961,0
8962,0
8963,0
8964,0
8965,0
8966,0
8967,0
8968,0
8969,0
8970,0
8971,0
8972,0
8973,0
8974,0
8975,0
8976,0
8977,0
8978,0
8979,0
8980,0
8981,0
8982,0
8983,0
8984,0
8985,0
8986,0
8987,0
8988,0
8989,0
8990,0
8991,0
8992,0
8993,0
8994,0
8995,0
8996,0
8997,0
8998,0
8999,0
9000,0
9001,0
9002,0
9003,0
9004,0
9005,0
9006,0
9007,0
9008,0
9009,0
9010,0
9011,0
9012,0
9013,0
9014,0
9015,0
9016,0
9017,0
9018,0
9019,0
9020,0
9021,0
9022,0
9023,0
9024,0
9025,0
9026,0
9027,0
9028,0
9029,0
9030,0
9031,0
9032,0
9033,0
9034,0
9035,0
9036,0
9037,0
9038,0
9039,0
9040,0
9041,0
9042,0
9043,0
9044,0
9045,0
9046,0
9047,0
9048,0
9049,0
9050,0
9051,0
9052,0
9053,0
9054,0
9055,0
9056,0
9057,0
9058,0
9059,0
9060,0
9061,0
9062,0
9063,0
9064,0
9065,0
9066,0
9067,0
9068,0
9069,0
9070,0
9071,0
9072,0
9073,0
9074,0
9075,0
9076,0
9077,0
9078,0
9079,0
9080,0
9081,0
9082,0
9083,0
9084,0
9085,0
9086,0
9087,0
9088,0
9089,0
9090,0
9091,0
9092,0
9093,0
9094,0
9095,0
9096,0
9097,0
9098,0
9099,0
9100,0
9101,0
9102,0
9103,0
9104,0
9105,0
9106,0
9107,0
9108,0
9109,0
9110,0
9111,0
9112,0
9113,0
9114,0
9115,0
9116,0
9117,0
9118,0
9119,0
9120,0
9121,0
9122,0
9123,0
9124,0
9125,0
9126,0
9127,0
9128,0
9129,0
9130,0
9131,0
9132,0
9133,0
9134,0
9135,0
9136,0
9137,0
9138,0
9139,0
9140,0
9141,0
9142,0
9143,0
9144,0
9145,0
9146,0
9147,0
9148,0
9149,0
9150,0
9151,0
9152,0
9153,0
9154,0
9155,0
9156,0
9157,0
9158,0
9159,0
9160,0
9161,0
9162,0
9163,0
9164,0
9165,0
9166,0
9167,0
9168,0
9169,0
9170,0
9171,0
9172,0
9173,0
9174,0
9175,0
9176,0
9177,0
9178,0
9179,0
9180,0
9181,0
9182,0
9183,0
9184,0
9185,0
9186,0
9187,0
9188,0
9189,0
9190,0
9191,0
9192,0
9193,0
9194,0
9195,0
9196,0
9197,0
9198,0
9199,0
9200,0
9201,0
9202,0
9203,0
9204,0
9205,0
9206,0
9207,0
9208,0
9209,0
9210,0
9211,0
9212,0
9213,0
9214,0
9215,0
9216,0
9217,0
9218,0
9219,0
9220,0
9221,0
9222,0
9223,0
9224,0
9225,0
9226,0
9227,0
9228,0
9229,0
9230,0
9231,0
9232,0
9233,0
9234,0
9235,0
9236,0
9237,0
9238,0
9239,0
9240,0
9241,0
9242,0
9243,0
9244,0
9245,0
9246,0
9247,0
9248,0
9249,0
9250,0
9251,0
9252,0
9253,0
9254,0
9255,0
9256,0
9257,0
9258,0
9259,0
9260,0
9261,0
9262,0
9263,0
9264,0
9265,0
9266,0
9267,0
9268,0
9269,0
9270,0
9271,0
9272,0
9273,0
9274,0
9275,0
9276,0
9277,0
9278,0
9279,0
9280,0
9281,0
9282,0
9283,0
9284,0
9285,0
9286,0
9287,0
9288,0
9289,0
9290,0
9291,0
9292,0
9293,0
9294,0
9295,0
9296,0
9297,0
9298,0
9299,0
9300,0
9301,0
9302,0
9303,0
9304,0
9305,0
9306,0
9307,0
9308,0
9309,0
9310,0
9311,0
9312,0
9313,0
9314,0
9315,0
9316,0
9317,0
9318,0
9319,0
9320,0
9321,0
9322,0
9323,0
9324,0
9325,0
9326,0
9327,0
9328,0
9329,0
9330,0
9331,0
9332,0
9333,0
9334,0
9335,0
9336,0
9337,0
9338,0
9339,0
9340,0
9341,0
9342,0
9343,0
9344,0
9345,0
9346,0
9347,0
9348,0
9349,0
9350,0
9351,0
9352,0
9353,0
9354,0
9355,0
9356,0
9357,0
9358,0
9359,0
9360,0
9361,0
9362,0
9363,0
9364,0
9365,0
9366,0
9367,0
9368,0
9369,0
9370,0
9371,0
9372,0
9373,0
9374,0
9375,0
9376,0
9377,0
9378,0
9379,0
9380,0
9381,0
9382,0
9383,0
9384,0
9385,0
9386,0
9387,0
9388,0
9389,0
9390,0
9391,0
9392,0
9393,0
9394,0
9395,0
9396,0
9397,0
9398,0
9399,0
9400,0
9401,0
9402,0
9403,0
9404,0
9405,0
9406,0
9407,0
9408,0
9409,0
9410,0
9411,0
9412,0
9413,0
9414,0
9415,0
9416,0
9417,0
9418,0
9419,0
9420,0
9421,0
9422,0
9423,0
9424,0
9425,0
9426,0
9427,0
9428,0
9429,0
9430,0
9431,0
9432,0
9433,0
9434,0
9435,0
9436,0
9437,0
9438,0
9439,0
9440,0
9441,0
9442,0
9443,0
9444,0
9445,0
9446,0
9447,0
9448,0
9449,0
9450,0
9451,0
9452,0
9453,0
9454,0
9455,0
9456,0
9457,0
9458,0
9459,0
9460,0
9461,0
9462,0
9463,0
9464,0
9465,0
9466,0
9467,0
9468,0
9469,0
9470,0
9471,0
9472,0
9473,0
9474,0
9475,0
9476,0
9477,0
9478,0
9479,0
9480,0
9481,0
9482,0
9483,0
9484,0
9485,0
9486,0
9487,0
9488,0
9489,0
9490,0
9491,0
9492,0
9493,0
9494,0
9495,0
9496,0
9497,0
9498,0
9499,0
9500,0
9501,0
9502,0
9503,0
9504,0
9505,0
9506,0
9507,0
9508,0
9509,0
9510,0
9511,0
9512,0
9513,0
9514,0
9515,0
9516,0
9517,0
9518,0
9519,0
9520,0
9521,0
9522,0
9523,0
9524,0
9525,0
9526,0
9527,0
9528,0
9529,0
9530,0
9531,0
9532,0
9533,0
9534,0
9535,0
9536,0
9537,0
9538,0
9539,0
9540,0
9541,0
9542,0
9543,0
9544,0
9545,0
9546,0
9547,0
9548,0
9549,0
9550,0
9551,0
9552,0
9553,0
9554,0
9555,0
9556,0
9557,0
9558,0
9559,0
9560,0
9561,0
9562,0
9563,0
9564,0
9565,0
9566,0
9567,0
9568,0
9569,0
9570,0
9571,0
9572,0
9573,0
9574,0
9575,0
9576,0
9577,0
9578,0
9579,0
9580,0
9581,0
9582,0
9583,0
9584,0
9585,0
9586,0
9587,0
9588,0
9589,0
9590,0
9591,0
9592,0
9593,0
9594,0
9595,0
9596,0
9597,0
9598,0
9599,0
9600,0
9601,0
9602,0
9603,0
9604,0
9605,0
9606,0
9607,0
9608,0
9609,0
9610,0
9611,0
9612,0
9613,0
9614,0
9615,0
9616,0
9617,0
9618,0
9619,0
9620,0
9621,0
9622,0
9623,0
9624,0
9625,0
9626,0
9627,0
9628,0
9629,0
9630,0
9631,0
9632,0
9633,0
9634,0
9635,0
9636,0
9637,0
9638,0
9639,0
9640,0
9641,0
9642,0
9643,0
9644,0
9645,0
9646,0
9647,0
9648,0
9649,0
9650,0
9651,0
9652,0
9653,0
9654,0
9655,0
9656,0
9657,0
9658,0
9659,0
9660,0
9661,0
9662,0
9663,0
9664,0
9665,0
9666,0
9667,0
9668,0
9669,0
9670,0
9671,0
9672,0
9673,0
9674,0
9675,0
9676,0
9677,0
9678,0
9679,0
9680,0
9681,0
9682,0
9683,0
9684,0
9685,0
9686,0
9687,0
9688,0
9689,0
9690,0
9691,0
9692,0
9693,0
9694,0
9695,0
9696,0
9697,0
9698,0
9699,0
9700,0
9701,0
9702,0
9703,0
9704,0
9705,0
9706,0
9707,0
9708,0
9709,0
9710,0
9711,0
9712,0
9713,0
9714,0
9715,0
9716,0
9717,0
9718,0
9719,0
9720,0
9721,0
9722,0
9723,0
9724,0
9725,0
9726,0
9727,0
9728,0
9729,0
9730,0
9731,0
9732,0
9733,0
9734,0
9735,0
9736,0
9737,0
9738,0
9739,0
9740,0
9741,0
9742,0
9743,0
9744,0
9745,0
9746,0
9747,0
9748,0
9749,0
9750,0
9751,0
9752,0
9753,0
9754,0
9755,0
9756,0
9757,0
9758,0
9759,0
9760,0
9761,0
9762,0
9763,0
9764,0
9765,0
9766,0
9767,0
9768,0
9769,0
9770,0
9771,0
9772,0
9773,0
9774,0
9775,0
9776,0
9777,0
9778,0
9779,0
9780,0
9781,0
9782,0
9783,0
9784,0
9785,0
9786,0
9787,0
9788,0
9789,0
9790,0
9791,0
9792,0
9793,0
9794,0
9795,0
9796,0
9797,0
9798,0
9799,0
9800,0
9801,0
9802,0
9803,0
9804,0
9805,0
9806,0
9807,0
9808,0
9809,0
9810,0
9811,0
9812,0
9813,0
9814,0
9815,0
9816,0
9817,0
9818,0
9819,0
9820,0
9821,0
9822,0
9823,0
9824,0
9825,0
9826,0
9827,0
9828,0
9829,0
9830,0
9831,0
9832,0
9833,0
9834,0
9835,0
9836,0
9837,0
9838,0
9839,0
9840,0
9841,0
9842,0
9843,0
9844,0
9845,0
9846,0
9847,0
9848,0
9849,0
9850,0
9851,0
9852,0
9853,0
9854,0
9855,0
9856,0
9857,0
9858,0
9859,0
9860,0
9861,0
9862,0
9863,0
9864,0
9865,0
9866,0
9867,0
9868,0
9869,0
9870,0
9871,0
9872,0
9873,0
9874,0
9875,0
9876,0
9877,0
9878,0
9879,0
9880,0
9881,0
9882,0
9883,0
9884,0
9885,0
9886,0
9887,0
9888,0
9889,0
9890,0
9891,0
9892,0
9893,0
9894,0
9895,0
9896,0
9897,0
9898,0
9899,0
9900,0
9901,0
9902,0
9903,0
9904,0
9905,0
9906,0
9907,0
9908,0
9909,0
9910,0
9911,0
9912,0
9913,0
9914,0
9915,0
9916,0
9917,0
9918,0
9919,0
9920,0
9921,0
9922,0
9923,0
9924,0
9925,0
9926,0
9927,0
9928,0
9929,0
9930,0
9931,0
9932,0
9933,0
9934,0
9935,0
9936,0
9937,0
9938,0
9939,0
9940,0
9941,0
9942,0
9943,0
9944,0
9945,0
9946,0
9947,0
9948,0
9949,0
9950,0
9951,0
9952,0
9953,0
9954,0
9955,0
9956,0
9957,0
9958,0
9959,0
9960,0
9961,0
9962,0
9963,0
9964,0
9965,0
9966,0
9967,0
9968,0
9969,0
9970,0
9971,0
9972,0
9973,0
9974,0
9975,0
9976,0
9977,0
9978,0
9979,0
9980,0
9981,0
9982,0
9983,0
9984,0
9985,0
9986,0
9987,0
9988,0
9989,0
9990,0
9991,0
9992,0
9993,0
9994,0
9995,0
9996,0
9997,0
9998,0
9999,0
